Entity,Code,Year,Mean,Median,Gap,GapRatio
Albania,ALB,1996,8.44203186,7.41933012008667,1.0227017399133302,0.12114402751298432
Albania,ALB,2002,8.62833309,7.11715364456176,1.5111794454382403,0.17514152845926353
Albania,ALB,2005,9.75392818,8.30011081695556,1.4538173630444415,0.1490494225726851
Albania,ALB,2008,10.6820698,8.93903255462646,1.7430372453735412,0.16317411119833172
Albania,ALB,2012,10.127717,8.76896667480468,1.3587503251953201,0.13416156130698756
Albania,ALB,2014,10.7918272,8.82748508453369,1.9643421154663105,0.18202127212213984
Albania,ALB,2015,13.0307407,10.6873445510864,2.3433961489136017,0.1798359895929478
Albania,ALB,2016,13.3358774,10.9340114593505,2.4018659406494987,0.18010558050342446
Albania,ALB,2017,13.2073412,10.8411607742309,2.3661804257691,0.17915645472754954
Albania,ALB,2018,14.1706982,12.3866252899169,1.7840729100831005,0.12589873024626977
Albania,ALB,2019,14.6318169,12.3563480377197,2.2754688622803005,0.15551512692045105
Albania,ALB,2020,14.8471575,12.8386011123657,2.0085563876343002,0.13528221732909482
Armenia,ARM,1999,5.86291838,4.51300859451293,1.3499097854870703,0.23024536553194697
Armenia,ARM,2001,5.57089663,4.33529138565063,1.2356052443493697,0.22179647665610513
Armenia,ARM,2002,5.84368277,4.54686737060546,1.2968153993945402,0.22191748772744216
Armenia,ARM,2003,6.00604582,4.79028892517089,1.2157568948291093,0.20242218112633537
Armenia,ARM,2004,7.4464407,5.5517463684082,1.8946943315918006,0.2544429490443401
Armenia,ARM,2005,8.20503616,6.25057697296142,1.954459187038581,0.23820238557468842
Armenia,ARM,2006,7.91986847,6.71003627777099,1.20983219222901,0.15275912684810156
Armenia,ARM,2007,8.8219862,7.35342741012573,1.4685587898742698,0.16646577727295356
Armenia,ARM,2008,9.01701069,7.65439319610595,1.3626174938940494,0.1511163223312148
Armenia,ARM,2009,8.01420784,6.84703540802001,1.1671724319799894,0.14563790399276563
Armenia,ARM,2010,8.18207455,6.80652570724487,1.375548842755129,0.16811736856579107
Armenia,ARM,2011,8.35253239,7.10548448562622,1.2470479043737805,0.1493017741382001
Armenia,ARM,2012,8.65269852,7.32522201538085,1.32747650461915,0.15341763052888036
Armenia,ARM,2013,8.97810459,7.58323717117309,1.3948674188269088,0.15536324007414007
Armenia,ARM,2014,9.20832157,7.7391676902771,1.4691538797229011,0.15954632649985756
Armenia,ARM,2015,9.87149525,8.17016410827636,1.7013311417236405,0.17234786611720654
Armenia,ARM,2016,10.3921566,8.86373710632324,1.5284194936767594,0.14707433235530337
Armenia,ARM,2017,10.1108513,8.01129817962646,2.0995531203735407,0.20765344658698923
Armenia,ARM,2018,10.1083403,7.97196817398071,2.13637212601929,0.21134746779540947
Armenia,ARM,2019,9.08772182,7.71723222732543,1.3704895926745708,0.15080672800287925
Armenia,ARM,2020,8.58977985,7.60853958129882,0.9812402687011792,0.11423345951074396
Armenia,ARM,2021,8.94155884,7.74930238723754,1.1922564527624608,0.1333387694580625
Armenia,ARM,2022,8.86471748,7.71916818618774,1.1455492938122598,0.12922569685912424
Armenia,ARM,2023,8.84850311,7.7260251045227,1.1224780054772996,0.12685512922617934
Armenia,ARM,2024,9.80472183,8.54555702209472,1.2591648079052806,0.12842432755741737
Australia,AUS,1981,41.7145081,35.0846138000488,6.629894299951204,0.15893497495062642
Australia,AUS,1985,43.1035385,35.6317329406738,7.471805559326199,0.17334552612951254
Australia,AUS,1989,44.2985535,36.5602684020996,7.738285097900395,0.17468482572236574
Australia,AUS,1995,40.79105,33.6457214355468,7.145328564453202,0.1751690276286882
Australia,AUS,2001,46.9962845,38.2023735046386,8.7939109953614,0.1871192816394113
Australia,AUS,2003,48.4661636,39.4569854736328,9.009178126367203,0.1858859347878569
Australia,AUS,2004,52.7492599,43.2487411499023,9.500518750097697,0.18010714781796772
Australia,AUS,2008,66.6945648,52.581199645996,14.113365154003993,0.21161192364514828
Australia,AUS,2010,66.4544754,53.3897285461425,13.064746853857507,0.1965969451300116
Australia,AUS,2014,71.0417633,56.7467536926269,14.295009607373096,0.20121980287858504
Australia,AUS,2016,69.401001,56.4189567565918,12.982044243408197,0.18705845818287545
Australia,AUS,2018,70.2994919,57.607322692871,12.692169207129005,0.1805442523707487
Australia,AUS,2020,72.7112198,59.7066001892089,13.004619610791096,0.17885299746808947
Austria,AUT,1994,62.7938423,53.0198059082031,9.774036391796905,0.15565278431444074
Austria,AUT,1995,61.4581871,53.0645637512207,8.3936233487793,0.13657453538487632
Austria,AUT,1996,58.9655571,50.9010314941406,8.064525605859401,0.13676671607092136
Austria,AUT,1997,58.9066315,51.4190216064453,7.487609893554705,0.12710979566968966
Austria,AUT,1998,61.7680321,52.0222663879394,9.745765712060596,0.1577800907803342
Austria,AUT,1999,63.6050606,54.7422943115234,8.8627662884766,0.13934058398612073
Austria,AUT,2000,61.8157539,53.4000968933105,8.4156570066895,0.1361409750062031
Austria,AUT,2003,65.6081314,56.889102935791,8.719028464209003,0.13289554630127756
Austria,AUT,2004,69.2368622,59.6846046447753,9.552257555224706,0.13796491134493824
Austria,AUT,2005,66.1723633,57.865966796875,8.306396503125,0.1255266713910005
Austria,AUT,2006,67.7436752,58.128074645996,9.615600554003997,0.1419409343472407
Austria,AUT,2007,70.556076,60.7510871887207,9.804988811279301,0.138967320281237
Austria,AUT,2008,71.7359161,62.8422660827636,8.893650017236396,0.12397764607673835
Austria,AUT,2009,74.2867355,64.2022628784179,10.084472621582108,0.1357506498799117
Austria,AUT,2010,75.0373688,65.3712844848632,9.6660843151368,0.1288169410750554
Austria,AUT,2011,73.6302567,63.6200714111328,10.010185288867206,0.1359520628816062
Austria,AUT,2012,71.9470825,62.6737442016601,9.273338298339894,0.1288910957347005
Austria,AUT,2013,75.4718552,64.6502304077148,10.821624792285192,0.14338623005367956
Austria,AUT,2014,74.3084106,64.7715682983398,9.5368423016602,0.12834135765595558
Austria,AUT,2015,74.0309219,65.393684387207,8.637237512792993,0.11667067343103009
Austria,AUT,2016,77.3843155,67.7835464477539,9.600769052246093,0.12406608484178029
Austria,AUT,2017,76.3483658,67.8244705200195,8.523895279980493,0.11164476397974839
Austria,AUT,2018,77.1486359,67.0902862548828,10.058349645117204,0.13037624745763268
Austria,AUT,2019,78.6956177,68.555679321289,10.139938378710994,0.12885010214121484
Austria,AUT,2020,78.8999176,70.2928771972656,8.607040402734398,0.10908807847391717
Austria,AUT,2021,78.7537003,69.2878799438476,9.465820356152406,0.12019524568488632
Austria,AUT,2022,82.4267197,72.6764450073242,9.750274692675802,0.1182902186106989
Austria,AUT,2023,81.6312408,71.4395065307617,10.191734269238296,0.12485090474379137
Bangladesh,BGD,1983,3.45459914,3.08853459358215,0.3660645464178498,0.10596440616778761
Bangladesh,BGD,1985,3.81353164,3.28221750259399,0.5313141374060097,0.1393233851354672
Bangladesh,BGD,1988,3.5017283,2.96319556236267,0.5385327376373299,0.15379055469190167
Bangladesh,BGD,1991,3.42344069,2.95570611953735,0.4677345704626501,0.13662704069298484
Bangladesh,BGD,1995,4.15627956,3.25328493118286,0.9029946288171398,0.21726032038546025
Bangladesh,BGD,2000,4.29205084,3.34251546859741,0.94953537140259,0.22123115657283082
Bangladesh,BGD,2005,4.79078197,3.71802830696105,1.0727536630389505,0.22392036827318829
Bangladesh,BGD,2010,5.12779379,4.07488584518432,1.0529079448156802,0.20533351923570237
Bangladesh,BGD,2016,5.61994123,4.49589824676513,1.1240429832348706,0.20000973982335943
Bangladesh,BGD,2022,7.51024199,6.17493867874145,1.3353033112585502,0.17779764127927258
Belarus,BLR,1998,4.20737648,3.53064894676208,0.6767275332379197,0.16084311362550557
Belarus,BLR,1999,4.46397018,3.81230330467224,0.6516668753277597,0.14598369815448897
Belarus,BLR,2000,4.95519543,4.24523067474365,0.7099647552563502,0.14327684251524064
Belarus,BLR,2001,6.15123987,5.28605604171752,0.86518382828248,0.1406519411642583
Belarus,BLR,2002,6.75694847,5.82030582427978,0.9366426457202204,0.1386191784470158
Belarus,BLR,2003,6.9717536,6.11356592178344,0.8581876782165603,0.12309495249754096
Belarus,BLR,2004,7.82972002,6.99819707870483,0.8315229412951695,0.10620085254276684
Belarus,BLR,2005,9.62944412,8.56560611724853,1.0638380027514707,0.11047761319284446
Belarus,BLR,2006,11.1340885,9.81990051269531,1.31418798730469,0.11803283109386906
Belarus,BLR,2007,12.7955933,11.0769348144531,1.7186584855469,0.1343164357644049
Belarus,BLR,2008,13.2961349,11.7497940063476,1.5463408936524008,0.11630003044361416
Belarus,BLR,2009,13.4284668,11.9013843536376,1.5270824463624013,0.11371979162672549
Belarus,BLR,2010,15.1495113,13.1476764678955,2.0018348321044996,0.13213857480039634
Belarus,BLR,2011,15.5189238,13.7834901809692,1.7354336190308004,0.11182693087460101
Belarus,BLR,2012,17.3791409,15.5552892684936,1.8238516315063986,0.10494486706799176
Belarus,BLR,2013,19.37467,17.1327037811279,2.241966218872097,0.11571635640101727
Belarus,BLR,2014,20.1773586,17.7469120025634,2.430446597436603,0.12045415089349717
Belarus,BLR,2015,18.0742683,16.2433128356933,1.830955464306701,0.10130177520418356
Belarus,BLR,2016,17.3639774,15.514868736267,1.8491086637330003,0.10649107754154301
Belarus,BLR,2017,17.8317108,15.9942226409912,1.8374881590087995,0.10304609465788328
Belarus,BLR,2018,19.3600445,17.1177997589111,2.2422447410889,0.11581816049487385
Belarus,BLR,2019,20.4058247,18.2747001647949,2.1311245352050996,0.10443706963752852
Belarus,BLR,2020,20.5472126,18.3853340148925,2.1618785851075017,0.10521517576099357
Belgium,BEL,1985,39.6457901,35.9279708862304,3.7178192137696016,0.09377588905132203
Belgium,BEL,1988,41.6900139,37.7749786376953,3.9150352623046984,0.09390822636076643
Belgium,BEL,1992,44.8615952,41.0101814270019,3.851413772998093,0.0858510214767863
Belgium,BEL,1995,53.7590256,47.5015640258789,6.257461574121102,0.11639834435766079
Belgium,BEL,1997,52.8603706,47.0695533752441,5.790817224755905,0.10954931187629442
Belgium,BEL,2000,63.4296722,51.3695793151855,12.060092884814502,0.1901332998661548
Belgium,BEL,2003,56.8567238,50.6942176818847,6.162506118115296,0.10838658484425893
Belgium,BEL,2004,61.3510971,52.3388938903808,9.012203209619194,0.1468955509455624
Belgium,BEL,2005,61.281044,53.1500205993652,8.131023400634803,0.132684152715068
Belgium,BEL,2006,60.2434082,53.2509117126464,6.992496487353598,0.11607073199012002
Belgium,BEL,2007,61.9940338,53.782901763916,8.211132036083995,0.13245035905509986
Belgium,BEL,2008,62.8256302,54.8270454406738,7.998584759326199,0.12731403941135794
Belgium,BEL,2009,63.4764633,55.6280784606933,7.848384839306696,0.12364244054073971
Belgium,BEL,2010,63.0080299,55.9148063659668,7.0932235340332,0.11257650088870974
Belgium,BEL,2011,61.4727592,55.1358680725097,6.336891127490297,0.10308454037134382
Belgium,BEL,2012,63.2195435,56.7433357238769,6.476207776123097,0.10243996425129354
Belgium,BEL,2013,63.0879555,56.7791519165039,6.3088035834961005,0.10000012733803207
Belgium,BEL,2014,63.8445053,56.9095001220703,6.935005177929703,0.10862336774860566
Belgium,BEL,2015,64.6001587,58.5614433288574,6.038715371142594,0.09347833647260985
Belgium,BEL,2016,63.9018745,57.9566383361816,5.9452361638184,0.093036960344855
Belgium,BEL,2017,64.6085739,58.1185226440429,6.490051255957098,0.10045185745783965
Belgium,BEL,2018,66.1235886,59.4409446716308,6.6826439283692025,0.10106293487478993
Belgium,BEL,2019,68.4186325,61.0438003540039,7.374832145996102,0.10778982093797478
Belgium,BEL,2020,68.1416626,61.5211753845214,6.6204872154786045,0.09715770004529657
Belgium,BEL,2021,70.8381729,63.2095375061035,7.628635393896502,0.107691024225958
Belgium,BEL,2022,68.3912048,61.0368881225585,7.354316677441496,0.1075330767888665
Belgium,BEL,2023,69.9236145,62.88720703125,7.036407468749999,0.1006299162173603
Benin,BEN,2003,2.89514232,2.16499471664428,0.7301476033557202,0.2521974820760176
Benin,BEN,2011,3.14445877,2.08868098258972,1.05577778741028,0.33575819072045904
Benin,BEN,2015,3.1562283,2.22931003570556,0.9269182642944398,0.29367909295231903
Benin,BEN,2018,4.88972473,3.65464425086975,1.23508047913025,0.252586913850721
Benin,BEN,2021,5.2668376,4.20006656646728,1.0667710335327198,0.20254488832781173
Bhutan,BTN,2003,6.86561871,4.85452651977539,2.01109219022461,0.29292220776772643
Bhutan,BTN,2007,8.30360317,6.31700325012207,1.9865999198779303,0.23924552741818106
Bhutan,BTN,2012,11.3595982,8.46435356140136,2.8952446385986406,0.2548720991380347
Bhutan,BTN,2017,12.3430166,9.46780586242675,2.8752107375732496,0.23294230500939694
Bhutan,BTN,2022,18.7418861,16.4896068572998,2.2522792427001974,0.12017356367885501
Bolivia,BOL,1997,15.2798061,8.40878963470459,6.87101646529541,0.4496795587802263
Bolivia,BOL,1999,13.381238,7.73398685455322,5.64725114544678,0.4220275542103638
Bolivia,BOL,2000,12.4955864,6.57548379898071,5.92010260101929,0.47377549252264706
Bolivia,BOL,2001,12.9572668,7.41622018814086,5.541046611859139,0.4276400800714499
Bolivia,BOL,2002,12.9507389,7.04876565933227,5.901973240667729,0.4557248266867406
Bolivia,BOL,2004,14.8975992,8.42747688293457,6.47012231706543,0.4343063758263432
Bolivia,BOL,2005,15.8481941,8.42750263214111,7.420691467858891,0.46823577633106417
Bolivia,BOL,2006,16.8822079,9.3539113998413,7.528296500158701,0.445930801513154
Bolivia,BOL,2007,16.8175068,9.83908462524414,6.97842217475586,0.4149498649083858
Bolivia,BOL,2008,17.6352425,11.3828878402709,6.2523546597291,0.35453749273530544
Bolivia,BOL,2009,18.6424828,12.8659572601318,5.776525539868199,0.30985816652426784
Bolivia,BOL,2011,20.4798851,14.537914276123,5.941970823877,0.29013692190475227
Bolivia,BOL,2012,20.9617977,15.029052734375,5.932744965625002,0.28302653477211076
Bolivia,BOL,2013,23.107645,16.1452198028564,6.962425197143602,0.3013039709214678
Bolivia,BOL,2014,23.2351799,16.0251922607421,7.2099876392579,0.3103047908511309
Bolivia,BOL,2015,22.399271,15.8031167984008,6.596154201599198,0.2944807534852004
Bolivia,BOL,2016,21.3417358,15.5992565155029,5.742479284497099,0.26907273795869496
Bolivia,BOL,2017,21.5630798,15.8951139450073,5.667965854992701,0.2628551165957611
Bolivia,BOL,2018,21.1857853,15.9648122787475,5.220973021252499,0.24643754986285543
Bolivia,BOL,2019,22.1583748,16.6042194366455,5.5541553633545,0.25065716296822005
Bolivia,BOL,2020,22.1432629,15.856798171997,6.286464728003001,0.2838996563601745
Bolivia,BOL,2021,22.0928154,16.8518257141113,5.2409896858886995,0.23722597554898772
Bolivia,BOL,2022,21.7197933,16.4118900299072,5.3079032700927975,0.24438092926477334
Bolivia,BOL,2023,22.9324112,16.849889755249,6.082521444751002,0.26523689077889034
Bolivia,BOL,2024,22.1416721,16.8191146850585,5.3225574149415,0.24038642569101631
Bosnia and Herzegovina,BIH,2001,14.4676809,12.2689371109008,2.1987437890991988,0.15197624306872837
Bosnia and Herzegovina,BIH,2004,21.8891811,17.7178153991699,4.171365700830098,0.19056746260964957
Bosnia and Herzegovina,BIH,2007,18.8398209,15.6082334518432,3.2315874481568,0.17152962681066677
Bosnia and Herzegovina,BIH,2011,18.1157703,15.0942678451538,3.0215024548462015,0.16678851656924581
Bosnia and Herzegovina,BIH,2015,17.1502247,14.3793888092041,2.770835890795899,0.16156265817298004
Bosnia and Herzegovina,BIH,2021,18.3929386,15.7931480407714,2.5997905592286,0.14134721024016247
Brazil,BRA,1981,9.64650154,4.990562915802,4.655938624197999,0.48265566587967385
Brazil,BRA,1982,9.83029175,5.02579689025878,4.8044948597412205,0.4887438727076661
Brazil,BRA,1983,8.30226898,4.12591838836669,4.176350591633309,0.5030372542366496
Brazil,BRA,1984,8.24975395,4.15343141555786,4.09632253444214,0.49653875246087065
Brazil,BRA,1985,8.70423222,4.72894239425659,3.9752898257434097,0.4567076940582141
Brazil,BRA,1986,15.5640192,7.92946767807006,7.63455152192994,0.49052570700567755
Brazil,BRA,1987,12.222188,6.05004739761352,6.172140602386479,0.5049947359987
Brazil,BRA,1988,12.0502634,5.67139911651611,6.378864283483891,0.5293547594556224
Brazil,BRA,1989,13.9897938,6.10560750961303,7.884186290386969,0.5635670120017758
Brazil,BRA,1990,10.970602,5.26246166229248,5.70814033770752,0.5203124074419544
Brazil,BRA,1992,8.73691559,5.29222297668457,3.4446926133154303,0.39426872994608275
Brazil,BRA,1993,10.9895163,5.43998670578002,5.54952959421998,0.5049839722445272
Brazil,BRA,1995,14.7303619,7.22576475143432,7.50459714856568,0.5094645467309041
Brazil,BRA,1996,14.8110628,7.3366150856018,7.4744477143982,0.5046530296528213
Brazil,BRA,1997,14.639535,7.25657510757446,7.38295989242554,0.5043165573514145
Brazil,BRA,1998,15.0853434,7.52586698532104,7.55947641467896,0.5011139762770638
Brazil,BRA,1999,14.1471043,7.23475837707519,6.9123459229248105,0.48860500186775396
Brazil,BRA,2001,15.8444252,8.2352294921875,7.6091957078125,0.4802443516734517
Brazil,BRA,2002,16.0879726,8.34197235107421,7.746000248925791,0.48147771266876666
Brazil,BRA,2003,15.3025513,8.11392879486084,7.1886225051391595,0.4697662738852677
Brazil,BRA,2004,15.3793745,8.36491012573242,7.014464374267581,0.4560955566994991
Brazil,BRA,2005,16.1565399,8.84852695465087,7.3080129453491285,0.45232537353800173
Brazil,BRA,2006,17.3550377,9.63921642303466,7.71582127696534,0.4445868346898111
Brazil,BRA,2007,17.946249,10.3280000686645,7.618248931335502,0.4245036905113432
Brazil,BRA,2008,18.9088173,11.0454730987548,7.8633442012452,0.4158559510353511
Brazil,BRA,2009,19.4888763,11.5378513336181,7.951024966381901,0.40797759932325606
Brazil,BRA,2011,20.9802151,12.7049541473388,8.275260952661199,0.3944316544524465
Brazil,BRA,2012,22.5078182,13.4333810806274,9.074437119372599,0.4031682253134868
Brazil,BRA,2013,23.45541,14.1304693222045,9.324940677795501,0.39756033587967554
Brazil,BRA,2014,23.9486141,14.6452465057373,9.303367594262701,0.3884720658746888
Brazil,BRA,2015,23.2030907,14.2334461212158,8.9696445787842,0.38657111221757195
Brazil,BRA,2016,23.184124,13.829490661621,9.354633338379001,0.4034930687214665
Brazil,BRA,2017,23.1279526,13.9031257629394,9.2248268370606,0.39886050428262293
Brazil,BRA,2018,23.941515,14.2266206741333,9.714894325866698,0.4057760891851121
Brazil,BRA,2019,24.0464954,14.6619892120361,9.3845061879639,0.3902650274752262
Brazil,BRA,2020,23.9441738,15.3647871017456,8.579386698254401,0.35830790278737457
Brazil,BRA,2021,21.806385,13.2002267837524,8.606158216247598,0.3946623072209171
Brazil,BRA,2022,24.2667198,14.8328714370727,9.4338483629273,0.38875663627711643
Brazil,BRA,2023,25.4624233,15.770785331726,9.691637968274001,0.3806251217367045
Brazil,BRA,2024,26.5450954,16.9121055603027,9.632989839697302,0.3628915132735707
Bulgaria,BGR,1992,23.6192417,20.136791229248,3.482450470751999,0.14744124790221352
Bulgaria,BGR,2006,12.2997713,10.4442815780639,1.8554897219361006,0.15085562785513748
Bulgaria,BGR,2007,17.4073315,14.1384716033935,3.268859896606502,0.18778638739697132
Bulgaria,BGR,2008,19.1397934,16.1093559265136,3.0304374734863977,0.15833177559201855
Bulgaria,BGR,2009,19.9726124,16.9918880462646,2.9807243537354005,0.14924058475872692
Bulgaria,BGR,2010,19.1259995,16.0191574096679,3.1068420903320977,0.16244077023698017
Bulgaria,BGR,2011,17.7219734,15.1486415863037,2.5733318136962993,0.14520571471438387
Bulgaria,BGR,2012,18.6304569,15.443790435791,3.186666464208999,0.17104607156515841
Bulgaria,BGR,2013,20.8037949,17.239273071289,3.564521828711001,0.17133998127961747
Bulgaria,BGR,2014,22.1738358,17.8915729522705,4.282262847729498,0.19312233058609998
Bulgaria,BGR,2015,21.1633568,17.0000648498535,4.1632919501464976,0.1967217199752781
Bulgaria,BGR,2016,25.2900696,19.4526119232177,5.8374576767823,0.23082015071964454
Bulgaria,BGR,2017,25.1662979,19.1801815032959,5.986116396704102,0.23786241506360384
Bulgaria,BGR,2018,29.182106,21.5598163604736,7.6222896395264,0.2611973803236271
Bulgaria,BGR,2019,30.1492538,22.9308910369873,7.218362763012699,0.23942094258441313
Bulgaria,BGR,2020,33.9415169,25.0854377746582,8.856079125341804,0.2609217246074763
Bulgaria,BGR,2021,33.483448,25.7229824066162,7.7604655933838025,0.2317702045913492
Bulgaria,BGR,2022,35.4106445,27.5930881500244,7.817556349975597,0.22076854178623034
Bulgaria,BGR,2023,39.4115982,30.1827220916748,9.2288761083252,0.23416650249735874
Burkina Faso,BFA,1994,1.72558951,1.03468739986419,0.6909021101358102,0.4003861324677444
Burkina Faso,BFA,1998,2.08515215,1.25783395767211,0.8273181923278898,0.3967663426037711
Burkina Faso,BFA,2003,3.03474879,2.04607939720153,0.98866939279847,0.3257829432394205
Burkina Faso,BFA,2009,3.06749582,2.21969985961914,0.8477959603808598,0.2763804777999208
Burkina Faso,BFA,2014,3.54377198,2.64686918258667,0.8969027974133299,0.2530926940207169
Burkina Faso,BFA,2018,4.63175821,3.11776113510131,1.5139970748986902,0.32687308064353604
Burkina Faso,BFA,2021,4.47209597,3.37372851371765,1.0983674562823498,0.24560462558283377
Burundi,BDI,1992,2.01592803,1.63730812072753,0.37861990927247,0.18781419953393377
Burundi,BDI,1998,1.85229433,1.40167617797851,0.45061815202149,0.24327567423989793
Burundi,BDI,2006,2.24644399,1.71329355239868,0.5331504376013199,0.23733083930631177
Burundi,BDI,2013,2.56007361,1.901096701622,0.6589769083779999,0.2574054534228803
Burundi,BDI,2020,2.61712742,2.00741958618164,0.6097078338183599,0.2329683412274821
Cameroon,CMR,1996,4.21573925,2.69569110870361,1.5200481412963902,0.36056502813744706
Cameroon,CMR,2001,5.96682644,4.21639919281005,1.7504272471899505,0.29335983957159484
Cameroon,CMR,2007,5.63767672,3.89612460136413,1.74155211863587,0.30891308692064734
Cameroon,CMR,2014,7.33791256,4.96067905426025,2.37723350573975,0.3239659080565209
Cameroon,CMR,2021,6.85378742,4.98541450500488,1.8683729149951196,0.272604444885908
Canada,CAN,1971,36.0418854,29.2185745239257,6.823310876074299,0.1893161470424713
Canada,CAN,1973,40.4633369,33.7350807189941,6.728256181005904,0.16628030944738775
Canada,CAN,1975,45.1415672,37.8171806335449,7.324386566455097,0.16225370585838006
Canada,CAN,1977,47.7368736,40.3991737365722,7.337699863427801,0.1537113620995029
Canada,CAN,1979,49.5268898,42.0492286682128,7.477661131787201,0.15098184364056716
Canada,CAN,1981,52.0081558,43.7906417846679,8.2175140153321,0.15800433391510682
Canada,CAN,1982,50.9760056,42.8984031677246,8.077602432275398,0.1584589129179513
Canada,CAN,1984,51.059948,42.9560737609863,8.103874239013699,0.15871293560686156
Canada,CAN,1985,52.4381256,44.1183853149414,8.3197402850586,0.15865823177056124
Canada,CAN,1986,51.8568611,44.4195404052734,7.437320694726601,0.14342018658600608
Canada,CAN,1987,52.9745445,45.4355735778808,7.538970922119198,0.14231308628088718
Canada,CAN,1988,54.2744637,46.3433151245117,7.931148575488301,0.14613039051527837
Canada,CAN,1989,55.0885849,47.6863822937011,7.4022026062989,0.1343690824466776
Canada,CAN,1990,54.8046951,47.6265983581543,7.178096741845707,0.13097594519498945
Canada,CAN,1991,53.0475388,45.6916236877441,7.3559151122559,0.13866647310423194
Canada,CAN,1992,53.6238823,46.298355102539,7.325527197461,0.13660941511989333
Canada,CAN,1993,51.9836998,44.9681205749511,7.015579225048896,0.13495728953576513
Canada,CAN,1994,53.0905533,45.9652786254882,7.1252746745118,0.1342098401997969
Canada,CAN,1995,52.9488831,45.9451828002929,7.003700299707106,0.13227286185583592
Canada,CAN,1996,50.9136963,43.2731857299804,7.6405105700196,0.15006788202921342
Canada,CAN,1997,51.7387619,43.7709579467773,7.967803953222699,0.15400066914285204
Canada,CAN,1998,53.615612,45.1311798095703,8.4844321904297,0.1582455533740751
Canada,CAN,1999,54.9737511,46.7059898376464,8.267761262353602,0.15039470832750945
Canada,CAN,2000,56.7199593,47.8973007202148,8.822658579785198,0.1555476888324424
Canada,CAN,2001,58.87603,49.3466415405273,9.529388459472699,0.16185514647425614
Canada,CAN,2002,59.3823433,49.71923828125,9.663105018750002,0.16272690637908865
Canada,CAN,2003,59.4688911,49.7650680541992,9.703823045800803,0.16317477703566602
Canada,CAN,2004,60.7996445,50.9368743896484,9.862770110351597,0.16221756214958785
Canada,CAN,2005,62.2789879,52.4268760681152,9.852111831884798,0.15819319105994653
Canada,CAN,2006,64.049324,52.8949699401855,11.154354059814501,0.17415256497967882
Canada,CAN,2007,66.5822754,55.1700744628906,11.412200937109404,0.17139998398296558
Canada,CAN,2008,67.7569885,56.4584922790527,11.298496220947307,0.1667502713900472
Canada,CAN,2009,68.0735626,56.6804771423339,11.393085457666103,0.1673643191647223
Canada,CAN,2010,68.0567551,56.8891334533691,11.167621646630906,0.16409277271920514
Canada,CAN,2011,68.4331741,57.7559967041015,10.677177395898504,0.15602341315187518
Canada,CAN,2012,69.1435928,58.6829719543457,10.46062084565429,0.1512883612500722
Canada,CAN,2013,70.4739151,59.7728576660156,10.701057433984403,0.15184423085903456
Canada,CAN,2014,70.778923,60.0985298156738,10.680393184326206,0.15089793305171095
Canada,CAN,2015,71.3355026,59.9798889160156,11.355613683984402,0.15918600514611642
Canada,CAN,2016,70.7238846,60.1439094543457,10.579975145654302,0.14959550377489164
Canada,CAN,2017,73.299675,61.8666305541992,11.433044445800796,0.15597674131298395
Canada,CAN,2018,73.5714111,62.1662483215332,11.405162778466803,0.1550216668124611
Canada,CAN,2019,73.5657196,62.8805770874023,10.685142512597693,0.14524621754121594
Canada,CAN,2020,77.7919769,67.0817565917968,10.71022030820319,0.13767769807381244
Canada,CAN,2021,77.7300262,66.3290252685546,11.401000931445395,0.1466743482384854
Canada,CAN,2022,75.7344742,64.7212753295898,11.013198870410193,0.14541856910931314
Central African Republic,CAF,1992,1.8226279,0.847716510295867,0.974911389704133,0.5348932657643027
Central African Republic,CAF,2008,3.73386955,2.05779457092285,1.6760749790771503,0.4488841821153474
Central African Republic,CAF,2021,2.75290656,1.92457199096679,0.82833456903321,0.3008945458116857
Chad,TCD,2003,2.9579134,2.1755928993225,0.7823205006774998,0.26448390973092717
Chad,TCD,2011,4.4915061,3.34347462654113,1.1480314734588695,0.25560055978970386
Chad,TCD,2018,4.493536,3.39327478408813,1.1002612159118699,0.2448542118972386
Chad,TCD,2022,4.57754326,3.6611099243164,0.9164333356835996,0.2002020043571581
Chile,CHL,1987,11.1663189,5.84825801849365,5.318060881506351,0.4762590903172531
Chile,CHL,1990,13.3358221,6.80035638809204,6.5354657119079596,0.49006845344074884
Chile,CHL,1992,14.2131453,7.69090795516967,6.522237344830331,0.4588876851086811
Chile,CHL,1994,15.9462376,8.35095882415771,7.59527877584229,0.4763053810161646
Chile,CHL,1996,17.2643337,9.3541784286499,7.910155271350101,0.45817900700970005
Chile,CHL,1998,18.5142651,9.92899703979492,8.58526806020508,0.4637109825226106
Chile,CHL,2000,15.947298,9.32199954986572,6.625298450134279,0.41544959215876437
Chile,CHL,2003,15.7032852,9.49788475036621,6.205400449633791,0.39516574847878266
Chile,CHL,2006,18.1581764,11.6191682815551,6.539008118444899,0.36011370164048523
Chile,CHL,2009,19.6057129,12.5505352020263,7.055177697973701,0.3598531577994137
Chile,CHL,2011,21.0120564,13.4434843063354,7.568572093664599,0.360201398167987
Chile,CHL,2013,25.6859074,16.4240322113037,9.261875188696301,0.36058197378288065
Chile,CHL,2015,26.9478741,17.7959995269775,9.1518745730225,0.33961397248113534
Chile,CHL,2017,29.435257,19.5099124908447,9.925344509155298,0.33719238494011783
Chile,CHL,2020,29.5375938,19.1102867126464,10.4273070873536,0.3530181624798971
Chile,CHL,2022,32.5111351,22.6423892974853,9.868745802514699,0.3035497152640081
Chile,CHL,2024,35.3600655,24.5706577301025,10.789407769897498,0.30512974501977375
China,CHN,1981,1.31476521,1.13724148273468,0.17752372726532006,0.13502314018890116
China,CHN,1984,1.75270343,1.55229914188385,0.20040428811614985,0.1143401015174312
China,CHN,1987,2.15378785,1.88323581218719,0.2705520378128101,0.12561684653054855
China,CHN,1990,2.11456418,1.72582697868347,0.38873720131653,0.18383797710813868
China,CHN,1993,2.36934376,1.88497364521026,0.4843701147897401,0.20443218201049057
China,CHN,1996,3.0998888,2.4672212600708,0.6326675399292001,0.2040936242387792
China,CHN,1999,3.43426633,2.568204164505,0.8660621654949998,0.2521825864026684
China,CHN,2002,4.38612366,3.11516213417053,1.27096152582947,0.28976873986025964
China,CHN,2005,5.6937747,4.13980150222778,1.55397319777222,0.2729249539452659
China,CHN,2008,7.01159143,5.02405929565429,1.9875321343457104,0.28346376912975807
China,CHN,2010,8.21017647,5.84128713607788,2.3688893339221204,0.28853086685506046
China,CHN,2011,8.89667416,6.39209699630737,2.5045771636926295,0.28151836502604133
China,CHN,2012,9.71623039,7.04678630828857,2.66944408171143,0.2747407147178022
China,CHN,2013,10.924859,8.05449962615966,2.870359373840339,0.26273651438799706
China,CHN,2014,11.7646837,8.7998342514038,2.964849448596201,0.252012678300582
China,CHN,2015,12.6138706,9.48426723480224,3.1296033651977595,0.248108091833268
China,CHN,2016,13.4639912,10.1059007644653,3.3580904355347005,0.24941270279014296
China,CHN,2017,14.2258024,10.5734634399414,3.6523389600586,0.2567404535338267
China,CHN,2018,15.1239824,11.3343334197998,3.7896489802002,0.25057216280549227
China,CHN,2019,15.9973583,11.9609184265136,4.036439873486399,0.2523191515618175
China,CHN,2020,15.3336296,11.5918569564819,3.7417726435181002,0.2440239356973968
China,CHN,2021,17.2878189,13.3923263549804,3.895492545019602,0.2253316377012488
China,CHN,2022,17.2153187,13.3631553649902,3.8521633350098003,0.22376369570258378
Colombia,COL,1992,11.0689583,6.71379375457763,4.355164545422371,0.3934574896196303
Colombia,COL,1996,10.0464296,5.64847040176391,4.39795919823609,0.4377634018593123
Colombia,COL,1999,9.61211491,5.20259761810302,4.4095172918969805,0.4587457945711325
Colombia,COL,2000,10.7260323,5.71521520614624,5.01081709385376,0.467164087679818
Colombia,COL,2001,8.92925835,4.90149307250976,4.027765277490239,0.4510750075329873
Colombia,COL,2002,11.2530956,6.09494304656982,5.15815255343018,0.4583763203282642
Colombia,COL,2003,10.6743793,6.17135906219482,4.50302023780518,0.421853122439183
Colombia,COL,2004,11.3190069,6.18617153167724,5.13283536832276,0.4534704690676317
Colombia,COL,2005,11.9336939,6.7698426246643,5.163851275335699,0.432711892780801
Colombia,COL,2008,13.5174723,7.70356369018554,5.81390860981446,0.4301032382965904
Colombia,COL,2009,13.5852499,7.84322834014892,5.742021559851081,0.4226658767499802
Colombia,COL,2010,14.6209164,8.30893898010253,6.31197741989747,0.4317087415873242
Colombia,COL,2011,15.249918,8.8930025100708,6.356915489929198,0.41684915879083406
Colombia,COL,2012,15.3948908,9.06436920166015,6.3305215983398515,0.41120925640731737
Colombia,COL,2013,16.1293507,9.50625419616699,6.623096503833009,0.41062387612621065
Colombia,COL,2014,16.9099197,10.0257730484008,6.884146651599199,0.4071069983613937
Colombia,COL,2015,16.4724464,10.1333427429199,6.3391036570800985,0.38483073510441645
Colombia,COL,2016,16.2649479,10.1182708740234,6.146677025976599,0.37790941992360144
Colombia,COL,2017,16.1758308,10.2113027572631,5.9645280427369,0.3687308625122921
Colombia,COL,2018,16.4074135,10.2393159866333,6.1680975133667,0.37593356889351875
Colombia,COL,2019,16.3874588,10.1122283935546,6.2752304064454005,0.3829288288703676
Colombia,COL,2020,14.4269772,8.60494422912597,5.82203297087403,0.4035518244857301
Colombia,COL,2021,17.0199375,9.49801254272461,7.521924957275392,0.4419478601067361
Colombia,COL,2022,18.4954033,10.3469991683959,8.1484041316041,0.4405637443766419
Colombia,COL,2023,18.9814529,10.6731882095336,8.3082646904664,0.4377043598420435
Colombia,COL,2024,19.7135925,11.2783603668212,8.4352321331788,0.42788913959638764
Comoros,COM,2004,9.44581318,5.05773019790649,4.38808298209351,0.4645532256962878
Comoros,COM,2014,6.39336777,4.36834573745727,2.02502203254273,0.3167379236409436
Comoros,COM,2020,7.46432495,5.85977220535278,1.6045527446472203,0.21496287412396486
Comoros,COM,2024,7.78510761,6.47852182388305,1.3065857861169494,0.1678314355524945
Costa Rica,CRI,1981,6.50953674,4.57002449035644,1.9395122496435597,0.2979493514070803
Costa Rica,CRI,1986,6.74237823,6.07555198669433,0.6668262433056702,0.09890074697065314
Costa Rica,CRI,1989,10.8611822,7.92718696594238,2.93399523405762,0.2701359004968741
Costa Rica,CRI,1990,11.2049189,8.10496139526367,3.099957504736329,0.27666041427005145
Costa Rica,CRI,1991,10.2777977,7.3328857421875,2.9449119578125007,0.2865314188673416
Costa Rica,CRI,1992,10.9188728,7.73777627944946,3.1810965205505406,0.29133927822206523
Costa Rica,CRI,1993,12.6504917,8.91122913360595,3.73926256639405,0.2955823896073581
Costa Rica,CRI,1994,14.2874823,9.92291927337646,4.364563026623541,0.3054816051547123
Costa Rica,CRI,1995,13.6315632,9.6435489654541,3.9880142345459006,0.2925573667549662
Costa Rica,CRI,1996,12.9167833,8.99386119842529,3.922922101574711,0.3037073558069764
Costa Rica,CRI,1997,13.6261826,9.62919235229492,3.99699024770508,0.2933316222920042
Costa Rica,CRI,1998,15.3121462,10.60338306427,4.708763135730001,0.3075181672266165
Costa Rica,CRI,1999,14.9170723,10.0573377609252,4.859734539074799,0.3257834004783096
Costa Rica,CRI,2000,14.7929134,10.0531873703002,4.739726029699799,0.32040517655567424
Costa Rica,CRI,2001,20.1596279,12.3654356002807,7.794192299719301,0.3866238175814396
Costa Rica,CRI,2002,20.4880505,12.3748874664306,8.1131630335694,0.39599487679754597
Costa Rica,CRI,2003,20.0810566,12.9011039733886,7.179952626611399,0.3575485478493895
Costa Rica,CRI,2004,18.7712765,12.2437181472778,6.527558352722199,0.34774184657725327
Costa Rica,CRI,2005,19.5114384,12.8057928085327,6.705645591467299,0.3436776650699058
Costa Rica,CRI,2006,20.3082066,12.8538980484008,7.454308551599198,0.3670589283644179
Costa Rica,CRI,2007,22.6102409,14.1829347610473,8.427306138952702,0.3727207585370177
Costa Rica,CRI,2008,22.7700882,14.4636192321777,8.3064689678223,0.3647973997668704
Costa Rica,CRI,2009,24.8896923,15.3564376831054,9.5332546168946,0.3830201877141969
Costa Rica,CRI,2010,25.4041595,16.27734375,9.126815749999999,0.35926462160655226
Costa Rica,CRI,2011,26.2049942,16.7943935394287,9.410600660571301,0.35911477746372866
Costa Rica,CRI,2012,27.0670586,17.3670768737792,9.699981726220798,0.3583685198147389
Costa Rica,CRI,2013,27.8980312,17.2570400238037,10.640991176196298,0.3814244489122336
Costa Rica,CRI,2014,27.2619476,17.3514614105224,9.910486189477599,0.36352817982371877
Costa Rica,CRI,2015,27.2800064,17.2679061889648,10.0121002110352,0.3670123849763906
Costa Rica,CRI,2016,28.323267,17.9809513092041,10.3423156907959,0.3651526390227476
Costa Rica,CRI,2017,28.7743301,18.1558189392089,10.618511160791101,0.36902722405311883
Costa Rica,CRI,2018,28.1035404,18.1879158020019,9.9156245979981,0.3528247493685209
Costa Rica,CRI,2019,27.9786968,17.7878360748291,10.1908607251709,0.36423643309830284
Costa Rica,CRI,2020,24.2711029,15.213490486145,9.057612413854999,0.3731850361795878
Costa Rica,CRI,2021,27.5983067,17.4510822296142,10.147224470385797,0.3676756179532492
Costa Rica,CRI,2022,26.8094978,17.3806934356689,9.4288043643311,0.351696418734524
Costa Rica,CRI,2023,28.5780735,18.9176139831542,9.660459516845798,0.33803746487130415
Costa Rica,CRI,2024,30.7343292,20.9240474700927,9.810281729907302,0.31919622081445337
Costa Rica,CRI,2025,34.095993,23.3897438049316,10.706249195068398,0.31400314972696053
Cote d'Ivoire,CIV,1985,10.0421028,6.84576272964477,3.1963400703552303,0.3182939005917396
Cote d'Ivoire,CIV,1986,8.32425308,6.27162170410156,2.0526313758984402,0.2465844510218135
Cote d'Ivoire,CIV,1987,7.60804129,5.58531618118286,2.0227251088171396,0.2658667364852248
Cote d'Ivoire,CIV,1988,6.01160622,4.58327579498291,1.4283304250170898,0.237595473280532
Cote d'Ivoire,CIV,1992,4.84701824,3.67547488212585,1.1715433578741496,0.24170393009995145
Cote d'Ivoire,CIV,1995,5.03649521,3.70170974731445,1.33478546268555,0.26502268085857067
Cote d'Ivoire,CIV,1998,4.3755765,3.25864267349243,1.1169338265075703,0.25526552364187216
Cote d'Ivoire,CIV,2008,4.46452236,3.18414211273193,1.28038024726807,0.28678997304161113
Cote d'Ivoire,CIV,2015,4.39495993,3.19423770904541,1.2007222209545896,0.2732043613773265
Cote d'Ivoire,CIV,2018,6.31312037,4.85116624832153,1.4619541216784704,0.2315739342822748
Cote d'Ivoire,CIV,2021,6.07773733,4.75888299942016,1.31885433057984,0.21699758626782248
Croatia,HRV,1988,25.7002983,23.9361820220947,1.7641162779052983,0.0686418600014965
Croatia,HRV,2009,26.8935547,23.2051525115966,3.6884021884033977,0.13714818399976697
Croatia,HRV,2010,24.8851223,21.4173889160156,3.467733383984399,0.13934966210651892
Croatia,HRV,2011,23.9950924,20.9082050323486,3.0868873676514,0.12864661307373834
Croatia,HRV,2012,22.8092976,19.5658264160156,3.2434711839844006,0.1421995206018269
Croatia,HRV,2013,22.4653149,19.673770904541,2.791543995458998,0.12426017653814404
Croatia,HRV,2014,23.7088451,20.7108745574951,2.997970542504902,0.12644945503924618
Croatia,HRV,2015,24.7421341,22.1274127960205,2.6147213039795005,0.10567889145744709
Croatia,HRV,2016,26.7265205,23.8641853332519,2.8623351667480996,0.10709718710851641
Croatia,HRV,2017,28.1181164,25.2679615020751,2.8501548979249023,0.10136364959087026
Croatia,HRV,2018,30.1943321,26.7896785736084,3.404653526391602,0.11275803402823413
Croatia,HRV,2019,32.0536156,28.7901954650878,3.2634201349122023,0.10181129566276455
Croatia,HRV,2020,33.3875275,29.756685256958,3.6308422430419967,0.1087484613241276
Croatia,HRV,2021,35.4519501,31.6926174163818,3.7593326836181973,0.1060402226961895
Croatia,HRV,2022,36.1273155,31.6199035644531,4.507411935546902,0.1247646517092282
Croatia,HRV,2023,41.3541222,36.7349395751953,4.619182624804701,0.11169823899211433
Cyprus,CYP,2004,49.8819847,42.2890243530273,7.592960346972696,0.152218489152712
Cyprus,CYP,2005,53.2599068,44.7869262695312,8.472980530468803,0.15908740813772515
Cyprus,CYP,2006,58.5035286,48.6445960998535,9.858932500146501,0.168518595990234
Cyprus,CYP,2007,58.6152267,48.9124679565429,9.702758743457103,0.1655330754432978
Cyprus,CYP,2008,58.16362,48.21089553833,9.952724461670002,0.17111597355305605
Cyprus,CYP,2009,57.5299988,47.1004638671875,10.429534932812501,0.18128863463165065
Cyprus,CYP,2010,58.4330559,48.0763435363769,10.356712363623096,0.1772406423745347
Cyprus,CYP,2011,58.1642151,46.9121437072753,11.252071392724702,0.19345350699531233
Cyprus,CYP,2012,54.9319153,43.3920021057128,11.539913194287202,0.21007665819158505
Cyprus,CYP,2013,52.7224121,39.8270263671875,12.8953857328125,0.2445902078295181
Cyprus,CYP,2014,49.1369591,38.675048828125,10.461910271874999,0.21291326251149714
Cyprus,CYP,2015,50.0659027,40.2986259460449,9.767276753955102,0.19508839803571745
Cyprus,CYP,2016,51.7398605,41.9249725341796,9.814887965820397,0.18969683858773445
Cyprus,CYP,2017,52.8140411,44.0107765197753,8.803264580224699,0.16668416952901374
Cyprus,CYP,2018,56.8649673,45.9497489929199,10.915218307080103,0.19194978605184396
Cyprus,CYP,2019,57.2673912,47.9717712402343,9.295619959765702,0.162319598727691
Cyprus,CYP,2020,58.7701302,48.3573608398437,10.412769360156297,0.17717791886321696
Cyprus,CYP,2021,60.3017654,50.7097702026367,9.591995197363303,0.15906657348647546
Cyprus,CYP,2022,59.5394173,49.2939491271972,10.245468172802795,0.1720787444253808
Cyprus,CYP,2023,63.3751907,52.1396522521972,11.235538447802796,0.1772860692599509
Czechia,CZE,1992,20.8557549,19.1640071868896,1.6917477131104022,0.08111658970016003
Czechia,CZE,1993,22.5968513,19.1970787048339,3.3997725951661018,0.15045337733253578
Czechia,CZE,1996,25.5818577,22.6515007019042,2.9303569980957995,0.11454824870266554
Czechia,CZE,2002,28.2564964,25.0909729003906,3.1655234996093995,0.11202816707344508
Czechia,CZE,2004,30.4108906,26.8090190887451,3.601871511254899,0.11844018508471103
Czechia,CZE,2005,31.2247887,27.7306480407714,3.494140659228602,0.11190277996112115
Czechia,CZE,2006,32.9467773,29.1538486480712,3.7929286519288006,0.1151229031413886
Czechia,CZE,2007,34.688736,30.5872325897216,4.101503410278397,0.11823732667221998
Czechia,CZE,2008,35.541935,31.2255382537841,4.316396746215901,0.12144518147973374
Czechia,CZE,2009,36.0565567,31.8874702453613,4.169086454638702,0.11562630589844154
Czechia,CZE,2010,35.9922066,31.9012660980224,4.090940501977602,0.11366184206048656
Czechia,CZE,2011,35.9539032,32.2083778381347,3.7455253618652975,0.104175764757171
Czechia,CZE,2012,35.3482475,31.5926094055175,3.7556380944824994,0.10624679751047063
Czechia,CZE,2013,35.5823898,31.6173114776611,3.9650783223389006,0.1114337273192061
Czechia,CZE,2014,36.4128647,32.228401184082,4.184463515917997,0.11491717420184183
Czechia,CZE,2015,37.9152985,33.6862640380859,4.229034461914097,0.11153899953904087
Czechia,CZE,2016,39.3220139,34.6914100646972,4.6306038353028,0.11776110570223872
Czechia,CZE,2017,40.6437721,35.8347396850585,4.809032414941498,0.11832150822786201
Czechia,CZE,2018,42.5671082,37.3326950073242,5.234413192675802,0.12296849407956265
Czechia,CZE,2019,44.544342,39.1112365722656,5.433105427734404,0.12197071914844772
Czechia,CZE,2020,45.3026581,39.8442649841308,5.4583931158692,0.12048725935287226
Czechia,CZE,2021,47.7830658,41.5857429504394,6.197322849560599,0.12969705366959938
Czechia,CZE,2022,44.7561989,39.4805450439453,5.275653856054703,0.11787537784078224
Czechia,CZE,2023,43.3493614,39.0691299438476,4.2802314561524,0.09873805098666114
Democratic Republic of Congo,COD,2004,1.12452137,0.796324670314788,0.32819669968521203,0.2918545689222536
Democratic Republic of Congo,COD,2012,2.26597905,1.63239574432373,0.6335833056762699,0.2796068682436715
Democratic Republic of Congo,COD,2020,1.95070636,1.31601297855377,0.6346933814462301,0.3253659261387911
Denmark,DNK,1987,54.7671623,48.9382362365722,5.828926063427801,0.10643104040151813
Denmark,DNK,1992,53.8354988,49.0356407165527,4.799858083447305,0.08915786405692788
Denmark,DNK,1995,55.795433,50.7371406555175,5.058292344482503,0.0906578204076757
Denmark,DNK,2000,59.5907936,53.8057327270507,5.785060872949295,0.09707977564086838
Denmark,DNK,2003,58.2133064,52.0426139831543,6.170692416845704,0.10600140755526134
Denmark,DNK,2004,59.2332878,53.3686027526855,5.864685047314502,0.09900995310468824
Denmark,DNK,2005,59.9152946,53.5316696166992,6.383624983300805,0.10654416415572135
Denmark,DNK,2006,61.8025208,54.5558967590332,7.2466240409668,0.11725450591922781
Denmark,DNK,2007,62.9380455,55.4395751953125,7.498470304687501,0.11914050150615975
Denmark,DNK,2008,62.2778511,55.75439453125,6.5234565687499995,0.10474761819053836
Denmark,DNK,2009,63.1883659,56.4610252380371,6.727340661962899,0.10646486210150433
Denmark,DNK,2010,66.3214493,58.2690734863281,8.052375813671901,0.12141435234998553
Denmark,DNK,2011,65.2640228,56.9046058654785,8.359416934521505,0.12808614265379767
Denmark,DNK,2012,64.8750992,56.3449211120605,8.530178087939497,0.13148616638939178
Denmark,DNK,2013,66.4557571,57.3162994384765,9.139457661523501,0.13752695116798994
Denmark,DNK,2014,66.9131851,57.7639122009277,9.149272899072308,0.1367334836235782
Denmark,DNK,2015,67.560524,57.899429321289,9.661094678711002,0.14299910815835298
Denmark,DNK,2016,68.6972809,59.5752067565918,9.122074143408199,0.1327865386213299
Denmark,DNK,2017,70.3602448,60.4091339111328,9.951110888867206,0.14143087360132672
Denmark,DNK,2018,71.0436783,61.7245788574218,9.3190994425782,0.1311742250060017
Denmark,DNK,2019,71.0396652,61.2375679016113,9.802097298388702,0.1379806235121263
Denmark,DNK,2020,73.0578613,63.8857078552246,9.172153444775397,0.12554642692196352
Denmark,DNK,2021,74.9073181,64.6453323364257,10.261985763574302,0.1369957705584216
Denmark,DNK,2022,71.8642349,61.0336685180664,10.8305663819336,0.15070871340945147
Denmark,DNK,2023,72.6738052,60.7226982116699,11.951106988330103,0.1644486201794495
Dominican Republic,DOM,1986,16.4852543,11.2880525588989,5.197201741101102,0.3152636681559169
Dominican Republic,DOM,1989,9.79000759,6.09104061126709,3.6989669787329102,0.37783085914164344
Dominican Republic,DOM,1992,13.270997,8.13658905029296,5.13440794970704,0.38688939118191645
Dominican Republic,DOM,1996,14.7770786,9.92334461212158,4.853733987878419,0.32846370512493717
Dominican Republic,DOM,1997,16.1840744,10.7100639343261,5.474010465673899,0.3382343858771373
Dominican Republic,DOM,2000,17.412077,10.5733652114868,6.8387117885132,0.39275680830685505
Dominican Republic,DOM,2001,16.7246304,10.4555759429931,6.269054457006899,0.3748396411203741
Dominican Republic,DOM,2002,16.2387295,10.3818321228027,5.856897377197301,0.36067460679096236
Dominican Republic,DOM,2003,14.4796391,8.65920639038086,5.820432709619141,0.4019736037218732
Dominican Republic,DOM,2004,12.333601,7.34808206558227,4.98551893441773,0.40422249223221424
Dominican Republic,DOM,2005,14.2388287,8.85039138793945,5.3884373120605495,0.3784326243113347
Dominican Republic,DOM,2006,16.2319946,9.65940570831298,6.572588891687021,0.40491566524344585
Dominican Republic,DOM,2007,14.8563862,9.49637222290039,5.360013977099609,0.36078854607990796
Dominican Republic,DOM,2008,14.3357239,9.22578907012939,5.10993482987061,0.35644763149146663
Dominican Republic,DOM,2009,15.4920454,9.8286485671997,5.6633968328003,0.36556805034926504
Dominican Republic,DOM,2010,15.2722874,10.0270051956176,5.2452822043824,0.3434509885128537
Dominican Republic,DOM,2011,15.8481035,10.1781311035156,5.6699723964844,0.3577697733034366
Dominican Republic,DOM,2012,15.1528788,10.0558519363403,5.0970268636597,0.3363734991175208
Dominican Republic,DOM,2013,16.0064011,10.3170680999755,5.689333000024501,0.3554411116203067
Dominican Republic,DOM,2014,16.5941029,11.4291543960571,5.164948503942899,0.3112520474935044
Dominican Republic,DOM,2015,18.2176399,12.4642162322998,5.753423667700202,0.3158160826145324
Dominican Republic,DOM,2016,19.5163765,13.3430318832397,6.1733446167603,0.31631612644695084
Dominican Republic,DOM,2017,18.4663525,13.1445989608764,5.3217535391236,0.28818650240341726
Dominican Republic,DOM,2018,20.2700119,14.0118141174316,6.2581977825684,0.30874169257731915
Dominican Republic,DOM,2019,20.5653858,14.7376527786254,5.827733021374602,0.2833758178937057
Dominican Republic,DOM,2020,18.1432056,13.4293689727783,4.713836627221701,0.2598127768128087
Dominican Republic,DOM,2021,17.5363407,13.1942777633667,4.342062936633301,0.24760370540892268
Dominican Republic,DOM,2022,17.9477177,14.1558980941772,3.7918196058227984,0.21127029459700042
Dominican Republic,DOM,2023,20.2609901,15.6731233596801,4.587866740319901,0.22643842762254254
Dominican Republic,DOM,2024,22.7295456,17.4776706695556,5.2518749304444015,0.23105938952182137
Ecuador,ECU,1994,9.82148361,5.88830518722534,3.9331784227746596,0.40046683158642055
Ecuador,ECU,1999,10.061986,5.321861743927,4.740124256072999,0.47109231279719527
Ecuador,ECU,2000,7.74668932,4.28853750228881,3.4581518177111894,0.4464038345752569
Ecuador,ECU,2003,11.5265417,6.75233173370361,4.7742099662963895,0.4141927466671456
Ecuador,ECU,2004,11.3183413,6.61419820785522,4.70414309214478,0.4156212440903138
Ecuador,ECU,2005,13.4336081,7.97555780410766,5.458050295892341,0.40629816317868767
Ecuador,ECU,2006,14.780798,8.8709716796875,5.909826320312501,0.3998313433626859
Ecuador,ECU,2007,15.5754204,9.03007888793945,6.545341512060551,0.4202353030586931
Ecuador,ECU,2008,14.886816,9.45978736877441,5.427028631225589,0.36455267743119746
Ecuador,ECU,2009,14.3445921,9.29994297027587,5.04464912972413,0.35167602498255285
Ecuador,ECU,2010,15.8759747,10.2312726974487,5.6447020025513,0.35554994948129387
Ecuador,ECU,2011,16.3992214,11.2736110687255,5.125610331274498,0.31255205392095614
Ecuador,ECU,2012,17.4718208,12.1848335266113,5.2869872733887,0.30260081842120884
Ecuador,ECU,2013,18.0809784,12.1016607284545,5.9793176715455,0.3306965773237968
Ecuador,ECU,2014,18.2845097,12.7288446426391,5.555665057360901,0.30384544888074855
Ecuador,ECU,2015,18.4135571,12.6072483062744,5.806308793725599,0.3153279272545118
Ecuador,ECU,2016,18.0338211,12.6758966445922,5.357924455407801,0.29710422575988626
Ecuador,ECU,2017,18.5489559,13.2066183090209,5.342337590979099,0.2880128466410931
Ecuador,ECU,2018,18.5059204,12.9289035797119,5.577016820288101,0.3013639256920234
Ecuador,ECU,2019,18.177063,12.6202039718627,5.5568590281373,0.3057071996800198
Ecuador,ECU,2020,16.1641884,10.8295764923095,5.334611907690501,0.3300265856645485
Ecuador,ECU,2021,17.3534851,11.9376459121704,5.415839187829601,0.3120894250705641
Ecuador,ECU,2022,17.967453,12.5927829742431,5.374670025756899,0.29913366272653663
Ecuador,ECU,2023,17.6327515,12.4105730056762,5.222178494323801,0.2961635621260698
Ecuador,ECU,2024,16.930481,12.0912065505981,4.8392744494019,0.2858320711267388
Ecuador,ECU,2025,18.9687119,12.7009000778198,6.2678118221801995,0.3304289640341999
Egypt,EGY,1990,7.3431920999999996,5.95671892166137,1.3864731783386297,0.18881069151638152
Egypt,EGY,1995,7.10959053,5.81922054290771,1.2903699870922898,0.18149708926939984
Egypt,EGY,1999,8.57697105,6.99259662628173,1.5843744237182689,0.1847242359198903
Egypt,EGY,2004,7.77369738,6.21921873092651,1.5544786490734896,0.19996644750705356
Egypt,EGY,2008,7.82007122,6.32756090164184,1.4925103183581596,0.1908563587683233
Egypt,EGY,2010,8.67843151,7.08088302612304,1.5975484838769596,0.1840826285298367
Egypt,EGY,2012,8.86745834,7.40650987625122,1.4609484637487808,0.16475391343634785
Egypt,EGY,2015,9.60954285,7.69660806655883,1.9129347834411705,0.19906615884866682
Egypt,EGY,2017,8.35249329,6.71529865264892,1.6371946373510804,0.19601268513573153
Egypt,EGY,2019,8.95934868,7.18875551223754,1.7705931677624598,0.19762521038108094
Egypt,EGY,2021,9.02752209,7.61085319519043,1.41666889480957,0.15692776829412003
El Salvador,SLV,1989,8.6130476,6.18721771240234,2.4258298875976596,0.2816459400035894
El Salvador,SLV,1991,8.38702106,5.1267614364624,3.2602596235376007,0.38872677202238964
El Salvador,SLV,1995,9.65727711,6.34326553344726,3.3140115765527405,0.34316210861559715
El Salvador,SLV,1996,9.62777615,6.15391397476196,3.4738621752380405,0.36081667470405826
El Salvador,SLV,1998,9.7821207,6.13191699981689,3.65020370018311,0.37315054803843406
El Salvador,SLV,1999,10.2118502,6.46728944778442,3.7445607522155804,0.3666877871177135
El Salvador,SLV,2000,11.550683,7.29310607910156,4.2575769208984395,0.36859958159170675
El Salvador,SLV,2001,11.0584927,6.99990892410278,4.058583775897221,0.3670105760342203
El Salvador,SLV,2002,11.1531363,7.00543117523193,4.14770512476807,0.3718868857334838
El Salvador,SLV,2003,10.3223944,6.8558120727539,3.4665823272461003,0.33583122218679223
El Salvador,SLV,2004,10.6164713,7.08785533905029,3.5286159609497103,0.3323718268752547
El Salvador,SLV,2005,10.8002119,7.16331243515014,3.6368994648498605,0.3367433434199435
El Salvador,SLV,2006,10.7684593,7.38284635543823,3.38561294456177,0.3144008674074452
El Salvador,SLV,2007,11.5236263,7.82555818557739,3.69806811442261,0.32091183956760294
El Salvador,SLV,2008,11.1157293,7.29736518859863,3.8183641114013698,0.3435099945625133
El Salvador,SLV,2009,10.732893,7.38914346694946,3.3437495330505405,0.3115422405730254
El Salvador,SLV,2010,10.6240034,7.57444477081298,3.049558629187019,0.287044206818215
El Salvador,SLV,2011,10.3719978,7.4479079246521,2.924089875347901,0.2819215672556256
El Salvador,SLV,2012,10.7330589,7.82919549942016,2.90386340057984,0.2705531971486563
El Salvador,SLV,2013,11.8390455,8.4372911453247,3.4017543546752993,0.28733349784619877
El Salvador,SLV,2014,11.5541639,8.40349769592285,3.150666204077151,0.27268664624682626
El Salvador,SLV,2015,11.8881979,8.77875995635986,3.10943794364014,0.2615567111008591
El Salvador,SLV,2016,11.9818926,9.11552333831787,2.866369261682131,0.23922508383042349
El Salvador,SLV,2017,12.0302477,9.37773036956787,2.652517330432131,0.22048734128991632
El Salvador,SLV,2018,12.9383707,10.032618522644,2.9057521773559998,0.22458408749689013
El Salvador,SLV,2019,14.0736227,10.743257522583,3.330365177416999,0.23663879929202586
El Salvador,SLV,2021,14.1465206,11.1543130874633,2.9922075125367,0.2115154388236426
El Salvador,SLV,2022,14.2380638,11.252646446228,2.985417353772,0.20967860487968876
El Salvador,SLV,2023,15.4554262,11.8798818588256,3.5755443411743997,0.2313455672399639
Equatorial Guinea,GNQ,2022,9.44112968,7.13425683975219,2.3068728402478094,0.24434288251909803
Estonia,EST,1993,13.3344431,10.0672206878662,3.2672224121337994,0.2450212871757501
Estonia,EST,2003,16.8177528,13.1824541091918,3.6352986908082006,0.2161584091548902
Estonia,EST,2004,18.2906075,14.9150505065917,3.375556993408301,0.18455138755824818
Estonia,EST,2005,21.1735363,17.0639057159423,4.109630584057697,0.19409278288850113
Estonia,EST,2006,24.655138,20.0013961791992,4.6537418208008,0.1887534282225798
Estonia,EST,2007,27.7436028,23.1481189727783,4.5954838272217025,0.1656412060232387
Estonia,EST,2008,28.6975327,23.7701454162597,4.927387283740298,0.17170072895292138
Estonia,EST,2009,27.0193844,22.6868705749511,4.332513825048899,0.160348354385487
Estonia,EST,2010,25.3987656,21.5170421600341,3.8817234399658993,0.1528311848338763
Estonia,EST,2011,26.3263397,21.6403903961181,4.685949303881898,0.17799471393594068
Estonia,EST,2012,27.8415356,22.7694435119628,5.072092088037202,0.18217716726936578
Estonia,EST,2013,30.3236561,23.9311714172363,6.392484682763701,0.21080850744655757
Estonia,EST,2014,32.7612724,26.127212524414,6.634059875586004,0.2024970152131821
Estonia,EST,2015,35.02948,28.5760326385498,6.453447361450198,0.18422903684126052
Estonia,EST,2016,37.2536621,31.1576919555664,6.0959701444336005,0.16363411811891643
Estonia,EST,2017,39.3884087,33.4559440612793,5.9324646387207025,0.15061447858696314
Estonia,EST,2018,41.7449799,35.6269149780273,6.118064921972696,0.1465580995997245
Estonia,EST,2019,43.9543991,37.1348037719726,6.819595328027404,0.15515159955917593
Estonia,EST,2020,45.9222412,38.5859718322753,7.336269367724704,0.15975416652192279
Estonia,EST,2021,52.0175056,42.9331398010253,9.084365798974702,0.1746405502184384
Estonia,EST,2022,44.2157249,36.875129699707,7.340595200292995,0.16601775085435713
Estonia,EST,2023,43.7975807,36.523811340332,7.273769359667995,0.16607696688753393
Ethiopia,ETH,1995,3.02748346,2.01731252670288,1.01017093329712,0.3336668710642997
Ethiopia,ETH,1999,2.97621369,2.48977518081665,0.48643850918334985,0.16344206426365504
Ethiopia,ETH,2004,3.97417903,3.35271596908569,0.6214630609143104,0.15637520509847547
Ethiopia,ETH,2010,4.30564594,3.51278448104858,0.7928614589514198,0.18414460222695875
Ethiopia,ETH,2015,4.75807905,3.89642786979675,0.8616511802032503,0.18109223725554754
Ethiopia,ETH,2021,4.163239,3.48680186271667,0.67643713728333,0.16247857432237978
Finland,FIN,1987,40.0739326,36.8768501281738,3.1970824718261994,0.07977960395696726
Finland,FIN,1991,45.0904541,40.9652099609375,4.125244139062502,0.09148819237689829
Finland,FIN,1995,41.9127426,37.3041458129882,4.608596787011798,0.10995693674820026
Finland,FIN,2000,48.6267319,42.1354827880859,6.491249111914101,0.13349137106855624
Finland,FIN,2003,51.5582123,44.5675544738769,6.990657826123098,0.13558766904963263
Finland,FIN,2004,54.0468674,46.1510505676269,7.895816832373093,0.14609203478781257
Finland,FIN,2005,55.8777733,48.1624679565429,7.7153053434571035,0.13807467420068265
Finland,FIN,2006,56.7459335,48.9333190917968,7.812614408203203,0.13767707968366055
Finland,FIN,2007,58.8480568,50.5069770812988,8.341079718701202,0.14173925482448899
Finland,FIN,2008,59.5183868,51.202953338623,8.315433461377005,0.1397120101611525
Finland,FIN,2009,60.6865005,52.8761138916015,7.8103866083985025,0.12870056015832554
Finland,FIN,2010,61.6014977,53.3763732910156,8.225124408984406,0.13352150054923756
Finland,FIN,2011,61.9531136,53.4869422912597,8.4661713087403,0.13665449267654403
Finland,FIN,2012,62.1015625,54.0334510803222,8.068111419677798,0.12991801002877823
Finland,FIN,2013,61.8578987,53.9355316162109,7.922367083789098,0.12807365349106334
Finland,FIN,2014,61.5378952,53.8642272949218,7.673667905078204,0.12469825105552529
Finland,FIN,2015,62.1007614,54.1043090820312,7.996452317968803,0.12876576933513736
Finland,FIN,2016,62.8061523,54.7280006408691,8.078151659130903,0.12862038770572645
Finland,FIN,2017,64.1175156,55.8720893859863,8.245426214013705,0.12859865415642685
Finland,FIN,2018,65.1260681,56.7413444519043,8.3847236480957,0.1287460442909143
Finland,FIN,2019,66.2678833,57.7256088256835,8.542274474316493,0.1289051958343823
Finland,FIN,2020,66.2401352,57.6656913757324,8.574443824267597,0.12944484183763558
Finland,FIN,2021,67.6025543,58.3752670288085,9.227287271191493,0.13649317495080943
Finland,FIN,2022,65.8457642,56.558738708496,9.287025491504004,0.1410421096077734
Finland,FIN,2023,64.4630966,56.4773635864257,7.985733013574297,0.12388069197368184
France,FRA,1970,29.7344856,22.5920219421386,7.1424636578613985,0.24020807872531008
France,FRA,1975,37.4120216,29.1786651611328,8.233356438867204,0.2200724816984283
France,FRA,1979,42.5745621,34.7559852600097,7.8185768399903,0.1836443278412557
France,FRA,1984,44.9517441,37.4075546264648,7.544189473535198,0.16782862655456338
France,FRA,1990,47.8036232,40.1178245544433,7.6857986455566945,0.1607785797616423
France,FRA,1996,51.0664253,43.5834693908691,7.482955909130901,0.14653377175259027
France,FRA,1997,51.4008598,43.8661422729492,7.534717527050802,0.1465873830976423
France,FRA,1998,52.7199135,44.9349746704101,7.784938829589898,0.14766600156864632
France,FRA,1999,54.1774101,45.4627456665039,8.714664433496104,0.16085420874513348
France,FRA,2000,55.4924507,46.5630569458007,8.929393754199296,0.1609118653359329
France,FRA,2001,56.9485168,47.7670745849609,9.181442215039098,0.16122355297300908
France,FRA,2002,58.3672485,48.9843101501464,9.382938349853603,0.1607569071866323
France,FRA,2003,54.1846275,45.4274215698242,8.7572059301758,0.16161790408498797
France,FRA,2004,55.0672836,46.596565246582,8.470718353418,0.15382488112084758
France,FRA,2005,54.3937683,46.3730430603027,8.020725239697299,0.14745669385250698
France,FRA,2006,53.6593971,46.1125335693359,7.546863530664098,0.14064383758542262
France,FRA,2007,65.1799393,53.1743469238281,12.005592376171904,0.18419152434178324
France,FRA,2008,65.7532578,53.83935546875,11.91390233125,0.18119105774938501
France,FRA,2009,66.3153458,55.2687797546386,11.046566045361402,0.16657631671976295
France,FRA,2010,66.6014786,54.2615585327148,12.339920067285192,0.18527997165644297
France,FRA,2011,66.9490585,54.5587615966796,12.390296903320404,0.18507051750877726
France,FRA,2012,66.3679504,54.4616508483886,11.906299551611397,0.17939833127062182
France,FRA,2013,65.7243195,54.3364219665527,11.387897533447294,0.17326763700379272
France,FRA,2014,66.4700394,55.641616821289,10.828422578711006,0.16290681751440342
France,FRA,2015,67.3276901,56.2771301269531,11.050559973046902,0.16413098320518354
France,FRA,2016,67.568222,57.040111541748,10.528110458252009,0.15581452562496031
France,FRA,2017,67.1848907,56.6715927124023,10.513297987597696,0.15648307049486196
France,FRA,2018,68.2951584,56.8413429260253,11.453815473974707,0.16771050455568906
France,FRA,2019,64.4055634,55.6707191467285,8.734844253271504,0.1356225113508052
France,FRA,2020,65.7901688,57.4685668945312,8.321601905468803,0.12648701253170827
France,FRA,2021,65.9707489,57.0588912963867,8.911857603613306,0.13508801631344383
France,FRA,2022,66.081337,57.0205192565918,9.060817743408208,0.137116138304045
France,FRA,2023,66.8017273,57.2105484008789,9.591178899121097,0.14357680986373383
Gambia,GMB,1998,2.45725083,1.57304322719573,0.88420760280427,0.35983611929607934
Gambia,GMB,2003,4.20382452,2.70168900489807,1.5021355151019304,0.35732593212571356
Gambia,GMB,2010,5.62264204,3.95680999755859,1.6658320424414095,0.29627211381953983
Gambia,GMB,2015,6.48556423,5.02621984481811,1.4593443851818897,0.22501425218047524
Gambia,GMB,2020,6.46606588,4.857421875,1.6086440050000004,0.24878249539270086
Georgia,GEO,1996,8.75391865,7.09020662307739,1.6637120269226093,0.19005340276067215
Georgia,GEO,1997,5.9908433,4.62297821044921,1.36786508955079,0.22832596698878604
Georgia,GEO,1998,6.14857483,4.73718786239624,1.41138696760376,0.2295470099375468
Georgia,GEO,1999,5.31023121,4.11215734481811,1.1980738651818905,0.22561613944901854
Georgia,GEO,2000,5.11560822,3.92862129211425,1.1869869278857506,0.2320324146882676
Georgia,GEO,2001,4.8910408,3.75054764747619,1.1404931525238098,0.23318005290894522
Georgia,GEO,2002,6.23925495,4.957848072052,1.2814068779480001,0.20537818829602403
Georgia,GEO,2003,6.17456818,4.99106216430664,1.18350601569336,0.19167429708312977
Georgia,GEO,2004,6.38783264,5.22238111495971,1.1654515250402904,0.18244866306332821
Georgia,GEO,2005,6.30294466,5.04329252243042,1.2596521375695797,0.19985137194106029
Georgia,GEO,2006,6.18611336,4.93896484375,1.2471485162500002,0.2016045364306095
Georgia,GEO,2007,6.10076809,4.78371810913085,1.3170499808691503,0.2158826497647037
Georgia,GEO,2008,6.59370518,5.15636587142944,1.43733930857056,0.21798659013907565
Georgia,GEO,2009,6.53593254,5.09173393249511,1.44419860750489,0.2209628998871047
Georgia,GEO,2010,6.49662638,5.0411353111267,1.4554910688733003,0.22403798275271913
Georgia,GEO,2011,6.73343372,5.20305156707763,1.5303821529223702,0.22728108964327495
Georgia,GEO,2012,7.2264924,5.65906953811645,1.56742286188355,0.2168995378565056
Georgia,GEO,2013,7.93266726,6.12295246124267,1.80971479875733,0.22813446466899082
Georgia,GEO,2014,8.28612995,6.53681707382202,1.7493128761779797,0.21111337702083466
Georgia,GEO,2015,8.36080933,6.60456228256225,1.7562470474377507,0.2100570624348577
Georgia,GEO,2016,8.42975807,6.66550827026367,1.76424979973633,0.2092883075749207
Georgia,GEO,2017,8.68992043,6.83027696609497,1.859643463905031,0.21400005660408916
Georgia,GEO,2018,8.511831279999999,6.87667083740234,1.635160442597659,0.1921044236907923
Georgia,GEO,2019,8.51918602,6.86859083175659,1.6505951882434093,0.19375034004051592
Georgia,GEO,2020,7.75128174,6.44294643402099,1.3083353059790097,0.16878954344123864
Georgia,GEO,2021,8.06223202,6.77664518356323,1.28558683643677,0.1594579309113917
Georgia,GEO,2022,8.94170666,7.5648136138916,1.3768930461083997,0.15398548604460705
Georgia,GEO,2023,10.1868658,8.4205846786499,1.766281121350099,0.1733880818720611
Georgia,GEO,2024,10.7140999,8.77147483825683,1.9426250617431702,0.18131481691179396
Germany,DEU,1991,57.9181519,49.400463104248,8.517688795752,0.14706423662237056
Germany,DEU,1992,58.8856201,50.6336441040039,8.251975995996098,0.14013567288554543
Germany,DEU,1993,59.0935631,50.7331161499023,8.360446950097696,0.14147813249896413
Germany,DEU,1994,57.804348,50.7546348571777,7.0497131428222986,0.12195818111852587
Germany,DEU,1995,58.2343025,51.0890083312988,7.145294168701199,0.12269905986598188
Germany,DEU,1996,59.0889854,51.5822792053222,7.506706194677797,0.1270407021522119
Germany,DEU,1997,58.0876999,50.8227653503418,7.2649345496582,0.12506838043449883
Germany,DEU,1998,60.0585556,52.3425025939941,7.7160530060059,0.12847550076622058
Germany,DEU,1999,61.748661,52.9879302978515,8.7607307021485,0.1418772579076411
Germany,DEU,2000,62.7943115,54.3733558654785,8.420955634521498,0.13410379751550422
Germany,DEU,2001,62.8216858,53.2177963256835,9.603889474316496,0.15287538613483842
Germany,DEU,2002,63.9871674,54.2290725708007,9.758094829199294,0.1525008095482485
Germany,DEU,2003,63.6279678,54.2419242858886,9.3860435141114,0.14751443176079873
Germany,DEU,2004,64.0978851,54.4150390625,9.6828460375,0.15106342467296163
Germany,DEU,2005,64.1628723,53.6578941345214,10.504978165478605,0.16372362690313358
Germany,DEU,2006,64.7514496,54.0760688781738,10.675380721826201,0.16486705375359195
Germany,DEU,2007,65.6304321,54.8582611083984,10.772170991601591,0.16413378134076909
Germany,DEU,2008,64.974556,54.8016281127929,10.17292788720711,0.15656787077093853
Germany,DEU,2009,65.4517593,55.5615348815918,9.89022441840821,0.1511070828986595
Germany,DEU,2010,65.7863159,55.923957824707,9.862358075293002,0.14991503841444026
Germany,DEU,2011,66.0726624,55.7228965759277,10.3497658240723,0.15664217920288165
Germany,DEU,2012,65.9544449,55.9000740051269,10.054370894873095,0.15244417431027601
Germany,DEU,2013,66.7451859,56.0977020263671,10.647483873632893,0.15952437213352483
Germany,DEU,2014,66.7213898,56.9747810363769,9.746608763623094,0.14607922276257942
Germany,DEU,2015,68.8257751,58.2619552612304,10.563819838769604,0.15348639115826831
Germany,DEU,2016,70.2544327,59.7837409973144,10.470691702685592,0.14903958797016367
Germany,DEU,2017,70.8621521,60.322467803955,10.539684296045003,0.148735029683709
Germany,DEU,2018,73.6159058,62.252685546875,11.363220253124993,0.1543582209529098
Germany,DEU,2019,74.7488556,62.9889221191406,11.759933480859402,0.15732593344023588
Germany,DEU,2020,78.1935883,65.8421173095703,12.351470990429704,0.1579601506844993
Germany,DEU,2021,77.8079224,65.056396484375,12.751525915624995,0.1638846729523393
Germany,DEU,2022,75.8395309,64.1773376464843,11.662193253515696,0.15377459637630347
Greece,GRC,1995,30.7674942,25.1278133392334,5.639680860766603,0.18329997315044924
Greece,GRC,2000,34.7137833,29.0992755889892,5.614507711010802,0.16173713082465435
Greece,GRC,2002,40.1811447,33.167251586914,7.013893113085999,0.17455682672689013
Greece,GRC,2003,39.3215027,33.7005195617675,5.6209831382325035,0.14294934710703472
Greece,GRC,2004,41.4423828,35.0172691345214,6.425113665478598,0.15503726454354835
Greece,GRC,2005,41.8964539,34.8489303588867,7.0475235411133,0.168212888802823
Greece,GRC,2006,42.2818642,35.2807846069335,7.0010795930665,0.16558114750925526
Greece,GRC,2007,43.5115585,36.9189224243164,6.5926360756836,0.15151459297151124
Greece,GRC,2008,44.210556,37.3617057800293,6.8488502199707,0.1549143652473111
Greece,GRC,2009,44.8818359,38.2050056457519,6.676830254248095,0.1487646420954027
Greece,GRC,2010,38.9107513,33.2041625976562,5.706588702343801,0.14665840446889034
Greece,GRC,2011,32.2874756,28.0516548156738,4.235820784326201,0.13119083191273712
Greece,GRC,2012,28.0277119,24.046043395996,3.9816685040039985,0.14206184644005843
Greece,GRC,2013,26.7688675,22.6367435455322,4.132123954467797,0.154363047090722
Greece,GRC,2014,26.6755676,22.6204242706298,4.0551433293702,0.15201713381237292
Greece,GRC,2015,27.111021,22.9123859405517,4.1986350594483,0.15486820136535248
Greece,GRC,2016,27.6818409,23.5217857360839,4.160055163916102,0.15028101559228677
Greece,GRC,2017,28.0972347,23.9709129333496,4.126321766650403,0.14685864323332867
Greece,GRC,2018,29.0706749,24.9144592285156,4.1562156714844,0.14296935608758088
Greece,GRC,2019,30.9059219,26.7089900970459,4.196931802954101,0.13579701057078322
Greece,GRC,2020,31.2613754,26.9260826110839,4.3352927889160995,0.13867888835486425
Greece,GRC,2021,33.3485413,28.681827545166,4.666713754833999,0.13993756766908422
Greece,GRC,2022,33.109127,27.8749256134033,5.234201386596702,0.1580893808102129
Greece,GRC,2023,34.2409248,28.9118061065673,5.329118693432701,0.15563594513173606
Guatemala,GTM,1986,5.4858036,3.20777344703674,2.2780301529632596,0.4152591523625198
Guatemala,GTM,1989,8.78978443,4.66223669052124,4.127547739478759,0.4695846379794276
Guatemala,GTM,1998,13.7312574,8.97352218627929,4.757735213720711,0.346489405531114
Guatemala,GTM,2000,17.5009556,10.1610984802246,7.339857119775401,0.41939750534395964
Guatemala,GTM,2006,18.0220375,10.5852336883544,7.4368038116456,0.4126505569442745
Guatemala,GTM,2014,13.9753542,9.1625165939331,4.8128376060669,0.34438036683656287
Guatemala,GTM,2023,12.5116558,8.73046016693115,3.781195633068849,0.30221384711277377
Guinea-Bissau,GNB,1991,4.92020273,2.93539929389953,1.9848034361004698,0.4033987103820964
Guinea-Bissau,GNB,1993,3.9990747,2.82819604873657,1.17087865126343,0.2927873918592793
Guinea-Bissau,GNB,2002,2.87196636,2.25800323486328,0.6139631251367201,0.21377796539953905
Guinea-Bissau,GNB,2010,2.87523961,1.75302135944366,1.1222182505563398,0.39030425382750616
Guinea-Bissau,GNB,2018,4.66242743,3.6729233264923,0.9895041035077003,0.21222938444914313
Guinea-Bissau,GNB,2021,4.30890656,3.44952130317688,0.8593852568231197,0.19944392965047722
Honduras,HND,1989,5.45189905,3.04069447517395,2.4112045748260496,0.4422687494233866
Honduras,HND,1990,5.14542866,2.87322115898132,2.27220750101868,0.4415973189333229
Honduras,HND,1991,5.91330767,3.62489247322082,2.28841519677918,0.38699410287562125
Honduras,HND,1992,6.56878901,3.94204878807067,2.62674022192933,0.3998819596626578
Honduras,HND,1993,7.86310005,4.61399126052856,3.24910878947144,0.41320964617147915
Honduras,HND,1994,7.95346022,4.53801250457763,3.4154477154223706,0.42942915673781673
Honduras,HND,1995,7.79285002,4.35631036758422,3.4365396524157807,0.440986242978635
Honduras,HND,1996,7.18204069,4.08883714675903,3.0932035432409704,0.4306858839644043
Honduras,HND,1997,8.67539787,5.29762268066406,3.3777751893359396,0.38935104071900506
Honduras,HND,1998,9.00373745,5.18910980224609,3.814627647753909,0.4236715773796702
Honduras,HND,1999,8.35484791,4.8981704711914,3.4566774388086,0.4137331374603802
Honduras,HND,2001,10.9426289,6.37252187728881,4.57010702271119,0.4176425120942546
Honduras,HND,2002,9.58972836,5.43436098098754,4.155367379012461,0.4333143988045622
Honduras,HND,2003,9.02933598,4.78073740005493,4.248598579945071,0.4705327821841746
Honduras,HND,2004,9.33368587,4.94768524169921,4.38600062830079,0.469910889373095
Honduras,HND,2005,10.1840496,5.29434823989868,4.88970136010132,0.48013330179591035
Honduras,HND,2006,11.1049414,6.18168878555297,4.92325261444703,0.4433389098700719
Honduras,HND,2007,12.0264101,6.67605066299438,5.350359437005619,0.4448841668059881
Honduras,HND,2008,12.4172325,7.18282270431518,5.234409795684821,0.4215439950637004
Honduras,HND,2009,12.202755,7.72438144683837,4.47837355316163,0.36699692431435604
Honduras,HND,2010,12.1055651,7.17228031158447,4.93328478841553,0.4075220568113363
Honduras,HND,2011,11.6392612,7.18298625946044,4.45627494053956,0.3828657905314093
Honduras,HND,2012,10.4077101,6.2801456451416,4.127564454858399,0.39658718538465054
Honduras,HND,2013,10.3906956,6.70669984817504,3.683995751824961,0.3545475580888887
Honduras,HND,2014,10.6187382,6.87627506256103,3.7424631374389694,0.35243953348797785
Honduras,HND,2015,10.5274944,6.90650844573974,3.6209859542602603,0.34395515368407703
Honduras,HND,2016,11.0577774,7.3395390510559,3.7182383489441007,0.33625548918574727
Honduras,HND,2017,10.8903446,7.23257827758789,3.657766322412111,0.33587241329462714
Honduras,HND,2018,10.8649302,7.23206520080566,3.6328649991943402,0.33436616087918725
Honduras,HND,2019,10.9623718,7.50292158126831,3.45945021873169,0.3155749760951996
Honduras,HND,2023,10.9557056,7.52232503890991,3.4333805610900896,0.3133874427120504
Honduras,HND,2024,11.5462236,8.35151481628418,3.1947087837158197,0.2766886294940469
India,IND,1977,3.18316889,2.6904137134552,0.49275517654479994,0.1548001986614037
India,IND,1983,3.40490127,2.97172999382019,0.4331712761798099,0.12721992264398607
India,IND,1987,3.42279482,2.94344282150268,0.4793519984973198,0.14004695686004334
India,IND,1993,3.55933428,3.07805800437927,0.48127627562073005,0.1352152503138115
India,IND,2004,3.7046473,3.11120724678039,0.5934400532196098,0.1601880031115539
India,IND,2009,4.17308569,3.51202011108398,0.6610655789160198,0.15841169533137955
India,IND,2011,4.64422178,3.85636830329895,0.7878534767010494,0.1696416566697746
India,IND,2022,6.35509253,5.53649520874023,0.8185973212597704,0.12880966207737818
Indonesia,IDN,1984,1.97129548,1.60864448547363,0.36265099452637006,0.18396582257996658
Indonesia,IDN,1987,1.99270332,1.6395137310028,0.3531895889971999,0.1772414315028089
Indonesia,IDN,1990,2.4384532,1.98009860515594,0.45835459484406016,0.1879694040648638
Indonesia,IDN,1993,2.48905635,1.99110770225524,0.4979486477447599,0.20005519270174815
Indonesia,IDN,1996,2.99691582,2.312744140625,0.6841716793749999,0.22829192425398184
Indonesia,IDN,1998,2.21946359,1.80688083171844,0.4125827582815602,0.1858930059229132
Indonesia,IDN,1999,3.01856422,2.45427703857421,0.5642871814257902,0.18693893530142955
Indonesia,IDN,2000,3.00977421,2.4639184474945,0.5458557625054996,0.18136103389147576
Indonesia,IDN,2001,3.18426228,2.56569170951843,0.61857057048157,0.19425867472247607
Indonesia,IDN,2002,3.82124972,3.09915971755981,0.72209000244019,0.18896697555798314
Indonesia,IDN,2003,3.81137276,3.15483427047729,0.6565384895227098,0.17225774828770876
Indonesia,IDN,2004,3.83668303,3.15058183670043,0.68610119329957,0.17882665519532637
Indonesia,IDN,2005,4.00963259,3.33468651771545,0.6749460722845497,0.16833115182868907
Indonesia,IDN,2006,3.81022811,3.12106561660766,0.6891624933923404,0.18087171515627193
Indonesia,IDN,2007,4.25404167,3.35649394989013,0.8975477201098703,0.2109870541324223
Indonesia,IDN,2008,4.37431669,3.49669122695922,0.8776254630407796,0.20063144148824297
Indonesia,IDN,2009,4.42362499,3.47993493080139,0.9436900591986106,0.21332957954887818
Indonesia,IDN,2010,4.86520529,3.77408027648925,1.0911250135107498,0.22427111467494723
Indonesia,IDN,2011,5.42475033,3.97374153137207,1.4510087986279303,0.267479369622515
Indonesia,IDN,2012,5.69465971,4.20492267608642,1.4897370339135803,0.26160246788716024
Indonesia,IDN,2013,5.92833233,4.22304725646972,1.7052850735302796,0.2876500470293776
Indonesia,IDN,2014,6.06040001,4.36807107925415,1.69232893074585,0.27924376740040463
Indonesia,IDN,2015,6.25361967,4.61120748519897,1.6424121848010298,0.26263384591167976
Indonesia,IDN,2016,6.61656141,5.02549648284912,1.5910649271508799,0.24046703847503167
Indonesia,IDN,2017,7.03939247,5.3755235671997,1.6638689028003002,0.2363654121987462
Indonesia,IDN,2018,7.42871618,5.68061161041259,1.7481045695874107,0.23531718364658408
Indonesia,IDN,2019,7.50805664,5.8168773651123,1.6911792748877001,0.22524860373025904
Indonesia,IDN,2020,7.70099401,5.95242309570312,1.74857091429688,0.22705782033154445
Indonesia,IDN,2021,7.95818472,6.15093517303466,1.8072495469653402,0.22709318903134737
Indonesia,IDN,2022,7.91340971,6.06476831436157,1.8486413956384302,0.23360870514543727
Indonesia,IDN,2023,8.16053104,6.16797828674316,1.9925527532568408,0.24416949626072873
Indonesia,IDN,2024,8.25537586,6.33853483200073,1.9168410279992694,0.23219306552557978
Indonesia,IDN,2025,8.61271667,6.65595245361328,1.956764216386719,0.227194773886219
Iran,IRN,1986,8.70366287,5.78874969482421,2.9149131751757906,0.3349064892234033
Iran,IRN,1990,7.767241,5.55965137481689,2.20758962518311,0.2842179900408794
Iran,IRN,1994,8.96333408,6.41294431686401,2.550389763135989,0.28453583681843414
Iran,IRN,1998,9.66663647,6.81138849258422,2.8552479774157806,0.2953714031014741
Iran,IRN,2005,14.8736629,10.4785213470458,4.395141552954199,0.29549826310465854
Iran,IRN,2006,15.2943506,10.4778652191162,4.816485380883799,0.31491924743008043
Iran,IRN,2009,14.7429962,10.8088493347167,3.934146865283301,0.2668485301029448
Iran,IRN,2011,12.2738819,9.95498657226562,2.3188953277343796,0.1889292521002976
Iran,IRN,2012,12.4398232,10.0337343215942,2.4060888784058,0.19341825359751094
Iran,IRN,2013,11.9253616,9.62719535827636,2.2981662417236404,0.1927124995290407
Iran,IRN,2014,11.5563593,9.29808902740478,2.2582702725952206,0.1954136431700614
Iran,IRN,2015,11.7931051,9.38822174072265,2.404883359277351,0.2039228293892972
Iran,IRN,2016,11.9433126,9.39697742462158,2.5463351753784202,0.21320175236629244
Iran,IRN,2017,12.7082548,9.88432788848877,2.823926911511231,0.22221201541467606
Iran,IRN,2018,12.2233887,9.39677619934082,2.826612500659179,0.23124622557893287
Iran,IRN,2019,10.9882278,8.67693901062011,2.3112887893798906,0.21034227096929045
Iran,IRN,2020,10.7377396,8.51301574707031,2.2247238529296887,0.2071873537452602
Iran,IRN,2021,11.5738916,9.28743457794189,2.2864570220581104,0.1975530012790262
Iran,IRN,2022,12.0989237,9.79765701293945,2.3012666870605507,0.19020424825561555
Iran,IRN,2023,12.7831469,10.1860427856445,2.597104114355501,0.20316625746947342
Iraq,IRQ,2006,11.6209736,9.91145896911621,1.70951463088379,0.14710597319348442
Iraq,IRQ,2012,12.301425,10.465516090393,1.8359089096069994,0.14924359654324595
Iraq,IRQ,2023,12.9577179,10.8890171051025,2.0687007948975005,0.15965008737360306
Ireland,IRL,1987,20.0352306,16.4291286468505,3.6061019531494978,0.17998804331952625
Ireland,IRL,1994,29.2060909,22.4175701141357,6.7885207858643,0.2324351043454535
Ireland,IRL,1995,30.1440582,22.7352695465087,7.4087886534913,0.24577940383260338
Ireland,IRL,1996,31.5776749,24.818302154541,6.759372745459,0.21405542893403465
Ireland,IRL,2000,39.4803619,32.6619834899902,6.8183784100097995,0.17270303720315694
Ireland,IRL,2002,43.4648361,36.3254928588867,7.139343241113302,0.16425561170155437
Ireland,IRL,2003,44.5917473,37.0482940673828,7.543453232617203,0.1691670250521267
Ireland,IRL,2004,46.3141861,38.0349655151367,8.279220584863303,0.1787620874301255
Ireland,IRL,2005,48.6239281,38.9626235961914,9.661304503808601,0.19869444697966723
Ireland,IRL,2006,51.8486595,42.7028427124023,9.145816787597695,0.17639446951560428
Ireland,IRL,2007,51.4849091,42.12495803833,9.359951061670003,0.18179989486802847
Ireland,IRL,2008,47.5671463,40.0665473937988,7.500598906201198,0.1576844416710615
Ireland,IRL,2009,46.7954674,39.1312255859375,7.6642418140625,0.16378171305673292
Ireland,IRL,2010,44.9844284,37.9977493286132,6.986679071386796,0.1553132788364339
Ireland,IRL,2011,43.7814522,36.5376167297363,7.243835470263697,0.16545443575450194
Ireland,IRL,2012,44.1146011,36.5179290771484,7.5966720228516,0.17220312171997854
Ireland,IRL,2013,44.0154152,36.5798683166503,7.435546883349701,0.1689305178552468
Ireland,IRL,2014,46.1752892,38.4144821166992,7.760807083300804,0.168072733658175
Ireland,IRL,2015,47.6404877,40.1879158020019,7.452571897998098,0.15643357693834226
Ireland,IRL,2016,50.8923264,41.1962280273437,9.696098372656301,0.19052181455505837
Ireland,IRL,2017,54.0713501,44.8404922485351,9.230857851464897,0.17071624500577984
Ireland,IRL,2018,55.3652534,45.8137588500976,9.5514945499024,0.17251785123957186
Ireland,IRL,2019,56.8939018,47.4069175720214,9.486984227978603,0.16674870114073637
Ireland,IRL,2020,59.4241867,50.3976707458496,9.026515954150398,0.15189969699914121
Ireland,IRL,2021,60.6429558,51.9169807434082,8.7259750565918,0.1438909918139544
Ireland,IRL,2022,59.4562836,50.1004066467285,9.355876953271498,0.15735724446240865
Ireland,IRL,2023,59.1573334,50.4867820739746,8.670551326025397,0.14656764981947948
Israel,ISR,1979,21.8382454,17.4672718048095,4.370973595190502,0.20015223362177723
Israel,ISR,1986,21.8402271,17.4155254364013,4.4247016635987,0.20259412337331878
Israel,ISR,1992,25.8515873,20.8608436584472,4.990743641552797,0.193053663732006
Israel,ISR,1997,26.9858665,21.4606494903564,5.525217009643601,0.20474484336619694
Israel,ISR,2001,30.7873497,24.153522491455,6.633827208545,0.2154725000101259
Israel,ISR,2002,27.6037159,21.8480968475341,5.755619052465899,0.20850884979822223
Israel,ISR,2003,28.5438595,22.1663589477539,6.377500552246101,0.2234281090209998
Israel,ISR,2004,29.7063942,23.0819911956787,6.624403004321298,0.22299586276685504
Israel,ISR,2005,31.0766392,23.7233180999755,7.353321100024498,0.2366189295020196
Israel,ISR,2006,31.6688156,24.6929550170898,6.975860582910197,0.22027538607759609
Israel,ISR,2007,33.2092247,25.8836364746093,7.3255882253907,0.22058895657960662
Israel,ISR,2008,34.0879669,26.2510242462158,7.836942653784199,0.22990349283002265
Israel,ISR,2009,34.1317101,26.301097869873,7.830612230126999,0.22942337806059707
Israel,ISR,2010,34.9374542,26.9191837310791,8.018270468920896,0.22950357009472364
Israel,ISR,2011,34.788929,26.9028358459472,7.886093154052801,0.2266839877149653
Israel,ISR,2012,36.7356834,28.8838882446289,7.8517951553711,0.21373755511435782
Israel,ISR,2013,38.1583672,30.3292789459228,7.829088254077202,0.2051735655522808
Israel,ISR,2014,38.9200058,31.595230102539,7.324775697461,0.18820078637966184
Israel,ISR,2015,40.1415825,32.2640533447265,7.8775291552735,0.19624361235069643
Israel,ISR,2016,40.644146,33.2366981506347,7.4074478493652975,0.1822512853232369
Israel,ISR,2017,42.4814415,34.9515304565429,7.529911043457105,0.1772517781313307
Israel,ISR,2018,44.1214371,36.1354827880859,7.985954311914099,0.1809994151780269
Israel,ISR,2019,42.6156349,35.2581558227539,7.357479077246104,0.17264741202403402
Israel,ISR,2020,42.2018738,34.8792037963867,7.322670003613304,0.17351528129571592
Israel,ISR,2021,42.7783051,35.2843704223632,7.493934677636794,0.17518072911301
Israel,ISR,2022,45.2006111,37.4846534729003,7.715957627099705,0.1707047192355261
Italy,ITA,1977,28.0488167,23.1302261352539,4.918590564746101,0.17535821982629665
Italy,ITA,1978,30.5122948,25.4074840545654,5.104810745434598,0.16730340273962607
Italy,ITA,1979,31.7333241,26.6430053710937,5.0903187289063005,0.1604092503157052
Italy,ITA,1980,33.375267,27.5447959899902,5.830471010009802,0.17469436304464028
Italy,ITA,1981,32.2460136,26.977741241455,5.268272358544998,0.16337747741150238
Italy,ITA,1982,33.09058,28.6909656524658,4.399614347534204,0.1329567008959711
Italy,ITA,1983,33.0870628,28.8730812072753,4.2139815927247,0.12736040119961026
Italy,ITA,1984,34.6570435,29.5896377563476,5.067405743652401,0.14621575391023764
Italy,ITA,1986,33.1902924,28.1645965576171,5.025695842382898,0.15142065582956113
Italy,ITA,1987,38.8448906,32.3552322387695,6.4896583612304966,0.1670659451215058
Italy,ITA,1989,42.3094635,35.534568786621,6.774894713378998,0.16012717139225835
Italy,ITA,1991,41.4881592,35.6551055908203,5.8330536091797,0.1405956234659768
Italy,ITA,1993,40.4921532,34.8979873657226,5.594165834277398,0.13815431860702823
Italy,ITA,1995,40.1893768,33.9374771118164,6.251899688183599,0.15556100108981036
Italy,ITA,1998,43.5871277,36.2797355651855,7.307392134814506,0.1676502334613461
Italy,ITA,2000,44.4235992,37.3519821166992,7.071617083300801,0.15918604549495396
Italy,ITA,2002,44.4437485,37.5904083251953,6.8533401748047,0.15420256855257608
Italy,ITA,2003,54.5548172,45.6787490844726,8.876068115527403,0.16269998821529189
Italy,ITA,2004,56.1245193,47.2553329467773,8.869186353222702,0.15802694551047497
Italy,ITA,2005,55.2555351,47.0785675048828,8.176967595117205,0.1479845879751005
Italy,ITA,2006,56.3218613,47.8371772766113,8.484684023388702,0.1506463711878198
Italy,ITA,2007,56.6701775,48.8481521606445,7.822025339355498,0.13802718968641836
Italy,ITA,2008,55.8491592,47.6207084655761,8.228450734423902,0.14733347560268914
Italy,ITA,2009,56.4639053,48.1125450134277,8.351360286572302,0.14790617549743415
Italy,ITA,2010,55.4390564,47.0234222412109,8.415634158789096,0.1517997365984948
Italy,ITA,2011,54.6121445,46.0584869384765,8.5536575615235,0.15662555718762336
Italy,ITA,2012,52.1475983,44.0242919921875,8.123306307812499,0.1557752719709145
Italy,ITA,2013,51.55439,43.7287826538085,7.825607346191497,0.15179322936788694
Italy,ITA,2014,51.3358002,43.9375,7.398300200000001,0.1441158055621387
Italy,ITA,2015,52.617897,45.198917388916,7.418979611083998,0.14099726583683111
Italy,ITA,2016,53.8754005,46.1918754577636,7.683525042236397,0.14261657400090041
Italy,ITA,2017,54.817112,46.4360809326171,8.3810310673829,0.15289078102806472
Italy,ITA,2018,55.0503159,46.5994606018066,8.450855298193403,0.15351147691040593
Italy,ITA,2019,57.1673508,48.8311882019043,8.336162598095704,0.14582034118145115
Italy,ITA,2020,57.0096474,47.9282455444335,9.081401855566497,0.1592958783247359
Italy,ITA,2021,59.0809631,49.6978302001953,9.3831328998047,0.15881821161112217
Italy,ITA,2022,58.2579384,49.9364318847656,8.321506515234404,0.14283901462662132
Italy,ITA,2023,57.5090904,48.7903861999511,8.718704200048897,0.15160567032805822
Jamaica,JAM,1988,9.56718159,6.89806127548217,2.669120314517831,0.2789871070606313
Jamaica,JAM,1990,8.92586422,6.41579675674438,2.510067463255619,0.28121282168188966
Jamaica,JAM,1993,6.31050444,5.1269474029541,1.1835570370459,0.18755347505086298
Jamaica,JAM,1996,9.64942646,7.13482666015625,2.514599799843751,0.2605957784400536
Jamaica,JAM,1999,12.9946089,9.00775623321533,3.986852666784669,0.30680820773179784
Jamaica,JAM,2002,14.2153473,8.91276836395263,5.30257893604737,0.37301789566881494
Jamaica,JAM,2004,14.1738625,9.27801513671875,4.89584736328125,0.34541377576375176
Jamaica,JAM,2018,17.7077694,14.0417518615722,3.6660175384278,0.20702875984073973
Jamaica,JAM,2021,18.9420433,14.2937784194946,4.648264880505401,0.24539405843853185
Japan,JPN,2008,48.7629623,41.7392578125,7.023704487499998,0.14403769082544024
Japan,JPN,2009,47.4108124,40.9232063293457,6.487606070654294,0.136838112283735
Japan,JPN,2010,48.2463074,42.1477088928222,6.0985985071777975,0.12640549786775593
Japan,JPN,2011,46.3096275,39.7666931152343,6.542934384765701,0.1412866986409187
Japan,JPN,2012,46.7515945,40.0558586120605,6.695735887939506,0.14321941229062263
Japan,JPN,2013,45.7916985,40.3814544677734,5.4102440322266006,0.11814901411063843
Japan,JPN,2014,46.6443748,39.9172096252441,6.727165174755903,0.1442224320424572
Japan,JPN,2015,47.2595596,41.2406616210937,6.018897978906303,0.12735831712884396
Japan,JPN,2016,46.7709923,40.407054901123,6.363937398877006,0.13606590508187713
Japan,JPN,2017,47.4810753,41.0310821533203,6.449993146679702,0.1358434514367391
Japan,JPN,2018,46.2133179,40.1179389953613,6.0953789046387,0.13189658699313386
Japan,JPN,2019,46.602787,40.1753501892089,6.4274368107911,0.1379195800197765
Japan,JPN,2020,48.108242,42.1728057861328,5.935436213867199,0.1233767015196107
Kazakhstan,KAZ,1993,6.84517813,5.7712059020996,1.0739722279004003,0.1568947085823171
Kazakhstan,KAZ,1996,7.30051422,5.79010438919067,1.51040983080933,0.20689088265474673
Kazakhstan,KAZ,2001,6.34245825,5.09863471984863,1.2438235301513698,0.19611063740961476
Kazakhstan,KAZ,2002,6.70331907,5.38270139694213,1.3206176730578703,0.1970095200999988
Kazakhstan,KAZ,2003,7.20727396,5.89494323730468,1.3123307226953198,0.18208420131920722
Kazakhstan,KAZ,2004,7.63408232,6.3225131034851,1.3115692165148998,0.17180443719853675
Kazakhstan,KAZ,2005,8.34899616,6.29369115829467,2.0553050017053307,0.24617390669698555
Kazakhstan,KAZ,2006,9.3347559,7.72278785705566,1.6119680429443397,0.17268454153625376
Kazakhstan,KAZ,2007,10.8178587,9.01177501678466,1.8060836832153395,0.16695389848411862
Kazakhstan,KAZ,2008,10.7531328,9.03985691070556,1.7132758892944402,0.15932806942498098
Kazakhstan,KAZ,2009,10.6124077,9.03926467895507,1.573143021044931,0.14823620289719278
Kazakhstan,KAZ,2010,11.2858076,9.58346366882324,1.7023439311767596,0.15083935430343148
Kazakhstan,KAZ,2011,13.3927402,11.4146270751953,1.9781131248047004,0.14770040299928316
Kazakhstan,KAZ,2012,13.6161852,11.6182985305786,1.9978866694213995,0.14672881134294496
Kazakhstan,KAZ,2013,14.2593164,12.2758350372314,1.9834813627686003,0.13910073296140624
Kazakhstan,KAZ,2014,13.9161434,11.9740018844604,1.9421415155395998,0.13956032642920307
Kazakhstan,KAZ,2015,13.280057,11.3967370986938,1.8833199013061996,0.14181564893179296
Kazakhstan,KAZ,2016,12.2987938,10.5409898757934,1.7578039242066001,0.14292490408340694
Kazakhstan,KAZ,2017,13.2361002,11.2361936569213,1.9999065430786995,0.15109484764090103
Kazakhstan,KAZ,2018,14.0785685,11.8027572631835,2.2758112368164998,0.16165075567281573
Kazakhstan,KAZ,2019,14.0559425,11.7313776016235,2.324564898376501,0.16537951107700538
Kazakhstan,KAZ,2020,14.3950996,11.8407049179077,2.5543946820922994,0.17744890643843128
Kazakhstan,KAZ,2021,15.0935431,12.2440023422241,2.8495407577759,0.18879203768768515
Kenya,KEN,1992,8.42335796,4.5352988243103,3.8880591356897005,0.4615806610799312
Kenya,KEN,1994,5.71064568,4.15775108337402,1.55289459662598,0.27192977530799634
Kenya,KEN,1997,6.14718294,4.15639734268188,1.99078559731812,0.32385331895102504
Kenya,KEN,2005,5.01561165,3.3350510597229,1.6805605902771004,0.3350659316450667
Kenya,KEN,2015,5.13421631,3.74663996696472,1.3875763430352803,0.2702605927087011
Kenya,KEN,2020,4.2380085,3.24671745300292,0.9912910469970804,0.23390492185116674
Kenya,KEN,2021,4.34319496,3.15979719161987,1.18339776838013,0.2724717124787164
Kenya,KEN,2022,4.44054604,3.21497845649719,1.22556758350281,0.27599479263654025
Kiribati,KIR,2006,6.13442516,4.91477918624877,1.2196459737512297,0.19881992883441252
Kiribati,KIR,2019,6.90750694,5.88750696182251,1.0199999781774904,0.14766542937088825
Kiribati,KIR,2023,9.03587627,8.05118465423584,0.9846916157641594,0.10897577460566085
Kosovo,OWID_KOS,2017,10.9354687,8.39555072784423,2.53991797215577,0.23226420758314367
Kosovo,OWID_KOS,2018,9.38167953,7.49035358428955,1.8913259457104497,0.20159779916405327
Kosovo,OWID_KOS,2019,12.6328411,10.1589021682739,2.473938931726101,0.1958339309536713
Kosovo,OWID_KOS,2020,17.9021263,10.7130365371704,7.1890897628295996,0.4015774239526843
Kosovo,OWID_KOS,2021,11.9040785,8.79878139495849,3.10529710504151,0.2608599317487288
Kosovo,OWID_KOS,2022,12.3461494,10.448184967041,1.8979644329590002,0.15372926176958462
Kyrgyzstan,KGZ,2000,2.93509555,2.39911866188049,0.5359768881195102,0.18260968986836226
Kyrgyzstan,KGZ,2001,3.10668397,2.58380889892578,0.5228750710742203,0.1683064888876419
Kyrgyzstan,KGZ,2002,3.18624878,2.63406515121459,0.5521836287854103,0.17330210756029235
Kyrgyzstan,KGZ,2003,3.34952521,2.8024616241455,0.5470635858545001,0.16332571082649058
Kyrgyzstan,KGZ,2004,4.99767971,3.86309051513671,1.13458919486329,0.22702319090058096
Kyrgyzstan,KGZ,2005,4.46759605,3.56349325180053,0.90410279819947,0.20236896713154495
Kyrgyzstan,KGZ,2006,5.86446571,4.37596368789672,1.4885020221032805,0.2538171584096926
Kyrgyzstan,KGZ,2007,5.57231426,4.45912981033325,1.1131844496667496,0.19977057964185058
Kyrgyzstan,KGZ,2008,6.25833941,5.26461553573608,0.9937238742639192,0.15878395356379676
Kyrgyzstan,KGZ,2009,6.38980818,5.31285572052001,1.0769524594799904,0.16854222053970802
Kyrgyzstan,KGZ,2010,6.08697796,5.12856149673461,0.9584164632653893,0.15745357869923837
Kyrgyzstan,KGZ,2011,6.06952429,5.19624757766723,0.8732767123327703,0.14387893854738493
Kyrgyzstan,KGZ,2012,5.86085367,5.06005573272705,0.8007979372729501,0.13663503345459743
Kyrgyzstan,KGZ,2013,5.77713585,4.8722710609436,0.9048647890563997,0.15662861538151293
Kyrgyzstan,KGZ,2014,6.0374341,5.15806627273559,0.8793678272644092,0.14565257569675324
Kyrgyzstan,KGZ,2015,5.93765354,4.95886325836181,0.9787902816381902,0.16484462676112796
Kyrgyzstan,KGZ,2016,6.05572605,5.16517972946167,0.8905463205383297,0.14705855469441684
Kyrgyzstan,KGZ,2017,6.0972929,5.19305610656738,0.9042367934326201,0.14830135410300202
Kyrgyzstan,KGZ,2018,6.51691103,5.51884126663208,0.9980697633679201,0.15315074254863964
Kyrgyzstan,KGZ,2019,6.90411901,5.68242788314819,1.2216911268518098,0.17695105270959255
Kyrgyzstan,KGZ,2020,6.28243828,5.28898906707763,0.9934492129223704,0.1581311536453917
Kyrgyzstan,KGZ,2021,6.85118818,5.73854780197143,1.11264037802857,0.162401082673016
Kyrgyzstan,KGZ,2022,6.76185036,5.87405061721801,0.8877997427819908,0.1312953844754989
Kyrgyzstan,KGZ,2023,7.38898516,6.33972072601318,1.0492644339868198,0.14200386267751278
Kyrgyzstan,KGZ,2024,8.03424835,6.85668039321899,1.1775679567810107,0.1465685283155344
Laos,LAO,1992,4.35470104,3.37067699432373,0.9840240456762701,0.22596822069702174
Laos,LAO,1997,3.33090997,2.58969616889953,0.7412138011004701,0.22252591867575156
Laos,LAO,2002,4.09888887,3.27959465980529,0.8192942101947098,0.1998820256365501
Laos,LAO,2007,4.69480848,3.59212231636047,1.1026861636395298,0.23487351365598833
Laos,LAO,2012,5.97912359,4.60013198852539,1.3789916014746106,0.23063440330635657
Laos,LAO,2018,7.20700884,5.25760984420776,1.9493989957922402,0.27048655538935623
Laos,LAO,2024,7.87754726,6.17050647735595,1.7070407826440501,0.21669699035789092
Latvia,LVA,1993,9.74890423,8.50032520294189,1.2485790270581116,0.1280737811759293
Latvia,LVA,1995,11.5463572,9.9531078338623,1.5932493661376999,0.13798718838680132
Latvia,LVA,1996,11.1985054,9.67962455749511,1.51888084250489,0.13563246060540277
Latvia,LVA,2004,15.3754673,12.0649251937866,3.3105421062134006,0.21531326766331196
Latvia,LVA,2005,17.5985546,13.3140659332275,4.2844886667725,0.24345684996042233
Latvia,LVA,2006,20.8944054,16.538984298706,4.355421101293999,0.20844915267576836
Latvia,LVA,2007,27.1913109,21.5377216339111,5.6535892660889004,0.2079189667199495
Latvia,LVA,2008,26.4785461,21.3386478424072,5.139898257592797,0.1941155771235037
Latvia,LVA,2009,21.8019676,17.8203220367431,3.981645563256901,0.18262780847619003
Latvia,LVA,2010,20.5970535,17.6193389892578,2.977714510742203,0.1445699265063424
Latvia,LVA,2011,21.0426083,17.1678638458251,3.874744454174902,0.18413803074854088
Latvia,LVA,2012,21.6160202,17.7252006530761,3.8908195469239004,0.17999703511212947
Latvia,LVA,2013,23.9276657,19.1334228515625,4.794242848437499,0.20036400159324771
Latvia,LVA,2014,26.2253151,21.1763038635253,5.049011236474701,0.1925243306790507
Latvia,LVA,2015,28.1821175,23.0735073089599,5.1086101910401,0.1812713395663083
Latvia,LVA,2016,29.600214,24.3802890777587,5.219924922241301,0.17634753999553182
Latvia,LVA,2017,32.0937271,26.2989673614501,5.794759738549903,0.1805573942999566
Latvia,LVA,2018,34.9453011,28.3186016082763,6.626699491723702,0.1896306308181646
Latvia,LVA,2019,36.2972946,29.6910362243652,6.606258375634802,0.18200415343447668
Latvia,LVA,2020,39.1321564,31.4867343902587,7.645422009741299,0.19537441104935632
Latvia,LVA,2021,40.902153,33.9152183532714,6.986934646728599,0.1708207058618308
Latvia,LVA,2022,37.9860992,31.6410446166992,6.345054583300797,0.16703622422227543
Latvia,LVA,2023,40.0180931,32.9529342651367,7.065158834863304,0.1765491128527387
Lebanon,LBN,2011,25.1845531,21.3647499084472,3.819803191552797,0.15167246273481808
Lebanon,LBN,2022,10.0550804,8.18707275390625,1.8680076460937496,0.18577749473726232
Lithuania,LTU,1993,6.50005293,5.29718494415283,1.2028679858471696,0.18505510628929134
Lithuania,LTU,2004,15.7306166,12.7907314300537,2.939885169946299,0.18688937914527134
Lithuania,LTU,2005,18.220562,14.9919872283935,3.2285747716065014,0.17719402791233888
Lithuania,LTU,2006,22.6917515,18.5911903381347,4.100561161865297,0.18070712443088835
Lithuania,LTU,2007,26.9265366,21.9611454010009,4.9653911989991,0.18440511948347268
Lithuania,LTU,2008,28.8254757,23.5561828613281,5.269292838671898,0.18279985709557253
Lithuania,LTU,2009,23.8876514,19.4622497558593,4.425401644140699,0.1852589679092813
Lithuania,LTU,2010,21.4925098,18.8292217254638,2.663288074536201,0.12391703432124064
Lithuania,LTU,2011,23.5003643,20.1138324737548,3.3865318262452,0.14410550334512048
Lithuania,LTU,2012,25.30443,20.7553176879882,4.5491123120118,0.17977533230394047
Lithuania,LTU,2013,26.4310913,21.4816436767578,4.9494476232422,0.18725854211105541
Lithuania,LTU,2014,28.8781757,22.8823299407959,5.9958457592041015,0.20762550313052155
Lithuania,LTU,2015,31.7925205,25.2616672515869,6.5308532484130986,0.20542105959837625
Lithuania,LTU,2016,34.0129051,27.0347080230712,6.978197076928797,0.205163218384683
Lithuania,LTU,2017,36.2201118,28.5738353729248,7.646276427075197,0.21110582069145345
Lithuania,LTU,2018,38.8932953,31.2641220092773,7.629173290722697,0.19615651571500287
Lithuania,LTU,2019,42.8106575,34.251220703125,8.559436796874998,0.19993705532027856
Lithuania,LTU,2020,48.7067451,37.9623489379882,10.744396162011796,0.22059359827786554
Lithuania,LTU,2021,50.2281799,38.9335174560546,11.294662443945398,0.22486704607716432
Lithuania,LTU,2022,46.8238297,36.8263473510742,9.9974823489258,0.2135127009682807
Lithuania,LTU,2023,46.5285454,37.5957069396972,8.932838460302797,0.19198619650600118
Luxembourg,LUX,1985,49.4200516,43.3115425109863,6.108509089013701,0.12360385898532127
Luxembourg,LUX,1986,54.633255,47.592227935791,7.041027064208997,0.12887804441102763
Luxembourg,LUX,1987,60.2693558,52.0910415649414,8.1783142350586,0.13569606189583
Luxembourg,LUX,1988,62.6963577,54.0755424499511,8.6208152500489,0.13750105375019098
Luxembourg,LUX,1989,67.9113235,55.6477622985839,12.263561201416096,0.18058197910715282
Luxembourg,LUX,1990,68.6924133,59.6171607971191,9.0752525028809,0.13211433500300243
Luxembourg,LUX,1991,68.9283676,60.4604568481445,8.467910751855499,0.12285088196192098
Luxembourg,LUX,1992,71.7435837,62.1598587036132,9.583724996386799,0.13358302585582715
Luxembourg,LUX,1993,71.8484879,62.2382278442382,9.610260055761792,0.1337573042474815
Luxembourg,LUX,1994,68.4677963,59.9835548400878,8.484241459912205,0.12391579572296246
Luxembourg,LUX,1995,70.1038437,60.847312927246,9.256530772753997,0.1320402746012912
Luxembourg,LUX,1996,70.2845154,60.9015808105468,9.382934589453207,0.13349931398194156
Luxembourg,LUX,1997,72.8075104,61.6654357910156,11.142074608984402,0.15303468759981664
Luxembourg,LUX,1998,74.27900700000001,63.130859375,11.148147625000007,0.15008476924038586
Luxembourg,LUX,1999,76.8375168,66.2820587158203,10.555458084179705,0.13737375339255764
Luxembourg,LUX,2000,76.646347,65.1715469360351,11.474800063964906,0.14971098445128644
Luxembourg,LUX,2001,78.8654938,66.2005767822265,12.66491701777349,0.16058882544869693
Luxembourg,LUX,2002,83.688385,69.7989349365234,13.889450063476602,0.16596628150342013
Luxembourg,LUX,2003,81.7989349,70.0061492919921,11.792785608007904,0.14416796040712143
Luxembourg,LUX,2004,84.0106506,72.2422332763671,11.768417323632903,0.14008244478031578
Luxembourg,LUX,2005,86.8428955,74.5447006225586,12.298194877441404,0.14161428872948398
Luxembourg,LUX,2006,85.8361359,73.1019821166992,12.734153783300798,0.1483542292506762
Luxembourg,LUX,2007,86.9582977,74.2988815307617,12.659416169238298,0.1455803126794454
Luxembourg,LUX,2008,86.6967697,71.6745223999023,15.022247300097703,0.17327343743117227
Luxembourg,LUX,2009,86.3826904,74.5999908447265,11.782699555273496,0.13640116440820527
Luxembourg,LUX,2010,84.7565079,72.9697189331054,11.786788966894605,0.13906647712292786
Luxembourg,LUX,2011,83.7674789,71.3773727416992,12.390106158300796,0.1479106966212015
Luxembourg,LUX,2012,84.9169998,69.3367462158203,15.580253584179701,0.18347626059416788
Luxembourg,LUX,2013,84.3605499,71.7232131958007,12.6373367041993,0.14980149749117863
Luxembourg,LUX,2014,85.1487579,72.7025756835937,12.446182216406314,0.14616986228998546
Luxembourg,LUX,2015,79.5255432,66.9531097412109,12.572433458789106,0.15809302210197423
Luxembourg,LUX,2016,86.1654434,73.0810089111328,13.084434488867203,0.1518524593220767
Luxembourg,LUX,2017,86.3343201,71.2762145996093,15.058105500390695,0.1744162168990162
Luxembourg,LUX,2018,90.6680908,74.6627502441406,16.005340555859405,0.1765267186574464
Luxembourg,LUX,2019,91.2581329,75.081802368164,16.176330531836,0.1772590564565013
Luxembourg,LUX,2020,100.847153,84.0295639038086,16.817589096191412,0.16676315191755003
Luxembourg,LUX,2021,100.596054,86.1215209960937,14.474533003906302,0.14388768175644645
Luxembourg,LUX,2022,103.267418,87.4691925048828,15.798225495117208,0.15298363996199854
Luxembourg,LUX,2023,106.095955,89.4851913452148,16.610763654785202,0.156563590523175
Madagascar,MDG,1980,3.57645655,2.37349939346313,1.2029571565368702,0.33635447256779066
Madagascar,MDG,1993,2.26426625,1.55085015296936,0.71341609703064,0.31507606361691787
Madagascar,MDG,1997,2.16609883,1.65727341175079,0.5088254182492102,0.2349040640261138
Madagascar,MDG,1999,2.20981145,1.68019771575927,0.5296137342407301,0.2396646710472652
Madagascar,MDG,2001,4.11078691,2.60370564460754,1.50708126539246,0.36661624608327364
Madagascar,MDG,2005,3.83588743,2.77613997459411,1.05974745540589,0.276271781887481
Madagascar,MDG,2010,3.33742452,2.33059740066528,1.0068271193347198,0.3016778696570252
Madagascar,MDG,2012,3.13465261,2.20445799827575,0.9301946117242497,0.29674567725839635
Madagascar,MDG,2021,2.91194582,2.23939442634582,0.6725513936541803,0.2309628802276892
Malaysia,MYS,1984,15.0948868,9.76144409179687,5.33344270820313,0.3533277711100907
Malaysia,MYS,1987,14.5138578,9.5820140838623,4.931843716137701,0.33980240016804497
Malaysia,MYS,1989,14.2772083,9.55372142791748,4.723486872082519,0.33084107010489716
Malaysia,MYS,1992,15.8462095,10.339614868164,5.506594631836,0.34750232425211847
Malaysia,MYS,1995,16.4867649,10.6287651062011,5.8579997937989,0.3553152986247108
Malaysia,MYS,1997,20.5493355,13.1014928817749,7.447842618225101,0.3624371512268657
Malaysia,MYS,2003,18.9629288,12.7262525558471,6.2366762441529,0.32888781632470715
Malaysia,MYS,2006,20.6857243,14.3145875930786,6.3711367069213996,0.30799679114554374
Malaysia,MYS,2008,21.5942726,14.8296575546264,6.764615045373601,0.31325968559707823
Malaysia,MYS,2011,26.2469807,18.5732955932617,7.673685106738301,0.2923644892510741
Malaysia,MYS,2013,30.1840248,21.9848098754882,8.1992149245118,0.27164087555718547
Malaysia,MYS,2015,33.5524101,24.7098140716552,8.842596028344804,0.26354577814202396
Malaysia,MYS,2018,37.4921188,27.6736164093017,9.818502390698299,0.26188176888787357
Malaysia,MYS,2021,39.6962624,29.554759979248,10.141502420752001,0.2554775136903569
Mali,MLI,1994,1.56318426,0.918124556541442,0.6450597034585581,0.4126574966015574
Mali,MLI,2001,2.84270501,2.05669665336608,0.78600835663392,0.2765001482281554
Mali,MLI,2006,3.1966145,2.36853528022766,0.8280792197723401,0.25904882173697835
Mali,MLI,2009,3.02720261,2.42266654968261,0.6045360603173897,0.19970122195335638
Mali,MLI,2018,5.39854097,4.12962865829467,1.2689123117053303,0.23504726902263934
Mali,MLI,2021,4.77777433,3.66974163055419,1.1080326994458098,0.23191398816984515
Malta,MLT,2006,37.4097443,33.379711151123,4.030033148877003,0.10772682958105657
Malta,MLT,2007,40.7751274,36.1400337219238,4.635093678076203,0.11367453576800357
Malta,MLT,2008,41.8335762,36.6440963745117,5.189479825488306,0.12405059038410168
Malta,MLT,2009,41.0310745,35.4673614501953,5.563713049804704,0.1355975469227525
Malta,MLT,2010,41.5475349,36.5969924926757,4.950542407324299,0.11915369754763233
Malta,MLT,2011,42.3911781,37.3257522583007,5.0654258416992946,0.1194924526454549
Malta,MLT,2012,43.9105415,38.31103515625,5.599506343750001,0.12752077638919576
Malta,MLT,2013,46.2704887,40.5524635314941,5.718025168505903,0.12357823159334609
Malta,MLT,2014,48.9979095,43.0376052856445,5.960304214355496,0.12164405124989049
Malta,MLT,2015,49.2349548,42.6664161682128,6.568538631787199,0.13341209834495876
Malta,MLT,2016,52.3518143,46.0759010314941,6.275913268505903,0.11987957537712123
Malta,MLT,2017,52.7132607,46.4343910217285,6.278869678271498,0.11911366504162202
Malta,MLT,2018,54.03302,47.6662940979003,6.366725902099702,0.11783028048588996
Malta,MLT,2019,58.8608513,49.323429107666,9.537422192333999,0.1620333716161186
Malta,MLT,2020,61.4933548,51.9086418151855,9.584712984814502,0.15586583324308242
Malta,MLT,2021,64.5308151,54.0424613952636,10.488353704736397,0.16253248449571184
Malta,MLT,2022,65.4473495,53.5248298645019,11.922519635498098,0.1821696329428604
Malta,MLT,2023,65.0806808,56.0288772583007,9.051803541699293,0.13908587664466002
Mexico,MEX,1984,10.605938,6.69662904739379,3.90930895260621,0.3685962479326402
Mexico,MEX,1989,10.9552879,6.86667394638061,4.08861395361939,0.3732091745046144
Mexico,MEX,1992,12.8721094,7.5061297416687,5.365979658331299,0.4168687113808479
Mexico,MEX,1994,13.3467674,7.75142765045166,5.595339749548339,0.41922808586207466
Mexico,MEX,1996,9.72536659,5.80961656570434,3.9157500242956598,0.40263263991734627
Mexico,MEX,1998,10.5762091,6.31745338439941,4.25875571560059,0.4026731766867762
Mexico,MEX,2000,12.5917301,7.3779125213623,5.213817578637699,0.4140668150628244
Mexico,MEX,2002,12.6219845,7.7943730354309,4.8276114645691,0.3824764215618471
Mexico,MEX,2004,13.325511,8.24076652526855,5.084744474731451,0.3815796988746961
Mexico,MEX,2005,13.7075834,8.5918607711792,5.1157226288208015,0.3732038302842499
Mexico,MEX,2006,14.3051329,9.00679969787597,5.298333202124031,0.3703798656861154
Mexico,MEX,2008,14.6531563,9.10678672790527,5.546369572094729,0.37851023073402484
Mexico,MEX,2010,13.7150965,8.95550918579101,4.759587314208989,0.34703272515865924
Mexico,MEX,2012,14.9382391,9.29315757751464,5.645081522485361,0.37789470932255737
Mexico,MEX,2014,14.0545492,8.83377170562744,5.220777494372561,0.37146531134364386
Mexico,MEX,2016,15.8669167,10.3564586639404,5.510458036059601,0.34729230260971883
Mexico,MEX,2018,16.1912098,10.8083553314208,5.382854468579199,0.33245535911585794
Mexico,MEX,2020,15.4173098,10.6109752655029,4.8063345344971005,0.31174923490848583
Mexico,MEX,2022,17.8185844,12.4918889999389,5.3266954000611,0.2989404365961361
Mexico,MEX,2024,20.0217457,14.2918071746826,5.729938525317401,0.2861857607809593
Moldova,MDA,1997,6.55604696,5.1890754699707,1.3669714900293002,0.2085054451820614
Moldova,MDA,1998,5.38674355,4.11854696273803,1.2681965872619703,0.23542917450784717
Moldova,MDA,1999,4.71696949,3.31381320953369,1.4031562804663102,0.2974698656501826
Moldova,MDA,2000,4.3678298,3.43341565132141,0.9344141486785902,0.21393098894984192
Moldova,MDA,2001,5.19746971,3.97924971580505,1.2182199941949499,0.2343871272305981
Moldova,MDA,2002,6.4050231,5.09584712982177,1.30917597017823,0.20439832140156214
Moldova,MDA,2003,7.64567852,6.03302288055419,1.6126556394458094,0.21092380947319891
Moldova,MDA,2004,7.51155138,6.04195356369018,1.46959781630982,0.19564504613823464
Moldova,MDA,2005,6.79263544,5.36288928985595,1.4297461501440498,0.21048474671916884
Moldova,MDA,2006,11.5507679,9.29007530212402,2.2606925978759804,0.19571794857690633
Moldova,MDA,2007,13.0594196,10.6284866333007,2.4309329666993005,0.186144027924434
Moldova,MDA,2008,12.7355232,10.2559347152709,2.479588484729099,0.19469859587151467
Moldova,MDA,2009,12.7135878,10.5009231567382,2.2126646432618013,0.17403935679445273
Moldova,MDA,2010,12.9860716,10.7532520294189,2.2328195705811016,0.17193957028398807
Moldova,MDA,2011,13.321147,11.222936630249,2.0982103697509995,0.1575097376938337
Moldova,MDA,2012,13.0112848,11.131028175354,1.880256624646,0.14450968167617081
Moldova,MDA,2013,13.9195061,11.96715259552,1.9523535044799996,0.14026025711357673
Moldova,MDA,2014,13.5694761,11.7416296005249,1.8278464994750987,0.13470280547346253
Moldova,MDA,2015,14.0124054,12.1773996353149,1.8350057646851,0.1309558003999156
Moldova,MDA,2016,13.6027012,11.8069849014282,1.7957162985718007,0.13201174326844736
Moldova,MDA,2017,13.6551113,11.9465522766113,1.7085590233887,0.12512230664781912
Moldova,MDA,2018,14.1451454,12.3448972702026,1.8002481297974011,0.12726968008384001
Moldova,MDA,2019,14.3900623,12.4870624542236,1.9029998457763995,0.1322440310613804
Moldova,MDA,2020,13.7885771,12.1156015396118,1.672975560388199,0.12133054398979276
Moldova,MDA,2021,14.3826046,12.5980014801025,1.7846031198975005,0.12408066337980955
Moldova,MDA,2022,13.3521204,11.6395959854125,1.7125244145875005,0.1282586108635974
Moldova,MDA,2023,13.5287523,11.6480894088745,1.8806628911255014,0.13901229392199763
Mongolia,MNG,1995,5.84219027,4.87700605392456,0.96518421607544,0.16520930874704978
Mongolia,MNG,1998,3.91217089,3.45559906959533,0.45657182040467026,0.11670548992931908
Mongolia,MNG,2002,6.12603521,5.11514091491699,1.01089429508301,0.16501607653721106
Mongolia,MNG,2007,10.0347118,7.90932703018188,2.12538476981812,0.21180326970806673
Mongolia,MNG,2010,9.88141537,8.09919261932373,1.7822227506762687,0.1803610802645845
Mongolia,MNG,2011,10.8768692,8.71819496154785,2.15867423845215,0.1984646683488802
Mongolia,MNG,2012,12.5109262,10.1896295547485,2.3212966452515005,0.1855415504930003
Mongolia,MNG,2014,13.0464697,10.8335351943969,2.2129345056030996,0.16961941095859057
Mongolia,MNG,2016,10.7973757,8.97510719299316,1.8222685070068394,0.16876957490761754
Mongolia,MNG,2018,11.4798698,9.42803382873535,2.0518359712646497,0.17873338348006784
Mongolia,MNG,2022,14.3304796,12.0282621383667,2.302217461633301,0.16065180830607378
Montenegro,MNE,2012,17.0011177,13.3752517700195,3.6258659299805025,0.21327220915484293
Montenegro,MNE,2013,16.8633957,13.6855010986328,3.1778946013672016,0.1884492695244767
Montenegro,MNE,2014,17.4731121,14.3466281890869,3.1264839109131017,0.1789311424902437
Montenegro,MNE,2015,17.7007408,14.4890556335449,3.211685166455098,0.18144354537156424
Montenegro,MNE,2016,19.3402309,15.8785238265991,3.461707073400902,0.178989955771464
Montenegro,MNE,2017,19.0672703,16.22407913208,2.8431911679200006,0.14911369709381003
Montenegro,MNE,2018,18.539402,15.9686317443847,2.570770255615299,0.13866521992539454
Montenegro,MNE,2019,19.3776646,16.3927516937255,2.9849129062744986,0.15403883635567203
Montenegro,MNE,2020,19.080265,16.0497570037841,3.030507996215899,0.1588294500215746
Montenegro,MNE,2021,20.6369686,17.7781372070312,2.858831392968799,0.13852961878174294
Mozambique,MOZ,1996,1.74122465,0.967228353023529,0.7739962969764709,0.44451260035657714
Mozambique,MOZ,2002,1.93823862,1.25773310661315,0.6805055133868498,0.3510948065759054
Mozambique,MOZ,2008,2.32632136,1.58887422084808,0.7374471391519202,0.3170014048067375
Mozambique,MOZ,2014,3.142483,1.75701630115509,1.3854666988449098,0.4408827983619672
Mozambique,MOZ,2019,2.36544967,1.43924486637115,0.9262048036288499,0.39155548958640496
Mozambique,MOZ,2022,2.38077688,1.4781801700592,0.9025967099407999,0.3791185631560736
Nepal,NPL,1984,2.19334698,1.82421016693115,0.36913681306884993,0.16829841171270127
Nepal,NPL,1995,2.81015706,2.18376326560974,0.62639379439026,0.22290348226666734
Nepal,NPL,2003,4.0811944,2.72530341148376,1.35589098851624,0.3322289642748309
Nepal,NPL,2010,5.60090971,4.52976083755493,1.07114887244507,0.19124551687248498
Nepal,NPL,2022,9.46692467,8.03238296508789,1.4345417049121085,0.1515319657563208
Netherlands,NLD,1983,40.6140709,34.6428718566894,5.971199043310598,0.14702291375845797
Netherlands,NLD,1987,44.1685562,38.2606620788574,5.907894121142597,0.13375791806259216
Netherlands,NLD,1990,54.27705,44.9538917541503,9.323158245849704,0.17176980410412326
Netherlands,NLD,1993,50.0596237,42.883804321289,7.1758193787110045,0.14334545184987085
Netherlands,NLD,1999,59.0724182,50.5957221984863,8.476696001513702,0.14349668186621994
Netherlands,NLD,2004,59.5219269,51.2026481628418,8.3192787371582,0.13976830338733875
Netherlands,NLD,2005,60.1570091,51.8163681030273,8.340640996972702,0.13864786700262832
Netherlands,NLD,2006,63.8984299,54.0346870422363,9.863742857763697,0.15436596600574215
Netherlands,NLD,2007,66.9525833,57.1245918273925,9.8279914726075,0.14679032515549703
Netherlands,NLD,2008,66.8685455,57.5703582763671,9.298187223632894,0.13905173432601273
Netherlands,NLD,2009,65.8998795,57.9548034667968,7.9450760332032,0.12056283097153768
Netherlands,NLD,2010,65.0932159,57.3658485412597,7.7273673587403024,0.11871233049249763
Netherlands,NLD,2011,64.3429184,56.610122680664,7.7327957193360035,0.12018099134489994
Netherlands,NLD,2012,63.4503746,55.7244453430175,7.7259292569825035,0.12176333560972394
Netherlands,NLD,2013,62.1664352,54.2489280700683,7.9175071299317,0.12735983822234187
Netherlands,NLD,2014,63.1764717,54.718017578125,8.458454121875,0.13388614296222245
Netherlands,NLD,2015,66.9479599,58.3227157592773,8.6252441407227,0.12883505567019823
Netherlands,NLD,2016,69.1680756,60.8502044677734,8.317871132226593,0.1202559281875784
Netherlands,NLD,2017,69.7174072,60.7391319274902,8.978275272509798,0.12878096924565202
Netherlands,NLD,2018,69.8660049,61.5098457336425,8.356159166357493,0.11960264764412619
Netherlands,NLD,2019,72.5429764,62.9448051452636,9.5981712547364,0.13231013850069157
Netherlands,NLD,2020,74.2317581,68.0710525512695,6.1607055487304905,0.08299285516626463
Netherlands,NLD,2021,75.4958954,69.0861434936523,6.409751906347694,0.08490199198760273
Niger,NER,1992,1.91500652,1.49860596656799,0.4164005534320099,0.21744080194150456
Niger,NER,1994,1.67274868,1.21606731414794,0.4566813658520601,0.27301253996629077
Niger,NER,2005,2.14119768,1.45413267612457,0.6870650038754298,0.32087882884098295
Niger,NER,2007,2.23919392,1.63707888126373,0.6021150387362699,0.2688981214884104
Niger,NER,2011,2.89569092,2.33250784873962,0.5631830712603798,0.19449004980834758
Niger,NER,2014,3.1883142,2.51079678535461,0.6775174146453904,0.21250020297415806
Niger,NER,2018,3.56003523,2.66086173057556,0.8991734994244398,0.252574326188463
Niger,NER,2021,3.35835981,2.66158080101013,0.69677900898987,0.20747598482899604
Nigeria,NGA,1985,3.81023598,2.94142317771911,0.8688128022808899,0.22802073331974831
Nigeria,NGA,1992,3.75854492,2.67052388191223,1.0880210380877697,0.28947932278211796
Nigeria,NGA,1996,3.83607078,2.34087967872619,1.49519110127381,0.38977151023105205
Nigeria,NGA,2003,3.83093119,2.94037675857543,0.8905544314245697,0.2324642201220455
Nigeria,NGA,2010,4.59643269,3.62419271469116,0.9722399753088404,0.21152055101862927
Nigeria,NGA,2012,4.66314697,3.68951630592346,0.9736306640765395,0.20879261801961596
Nigeria,NGA,2015,4.82958078,3.80427694320678,1.0253038367932197,0.21229665337396422
Nigeria,NGA,2018,4.80184317,3.87894177436828,0.9229013956317198,0.19219732151971133
Nigeria,NGA,2022,4.15661573,3.38732481002807,0.7692909199719304,0.18507626635285104
Norway,NOR,1979,33.5054817,28.8945655822753,4.610916117724699,0.13761676847417775
Norway,NOR,1986,44.6882439,40.0251541137695,4.6630897862305005,0.10434712531253662
Norway,NOR,1991,47.4101219,42.2711715698242,5.138950330175803,0.10839352704081115
Norway,NOR,1995,48.1067352,42.5180358886718,5.588699311328206,0.11617290776631638
Norway,NOR,2000,58.6225281,50.3451538085937,8.277374291406296,0.1411978391188881
Norway,NOR,2003,62.3883667,53.8046340942382,8.583732605761796,0.13758546760868795
Norway,NOR,2004,65.9241943,53.7993087768554,12.124885523144599,0.1839216338081905
Norway,NOR,2005,67.5451279,55.8990211486816,11.6461067513184,0.17241964170325302
Norway,NOR,2006,64.8908157,58.2698631286621,6.620952571337902,0.10203219823815378
Norway,NOR,2007,71.7212753,62.5956802368164,9.125595063183603,0.12723693248638598
Norway,NOR,2008,74.2937469,65.4770812988281,8.816665601171906,0.11867305081596181
Norway,NOR,2009,74.3708038,66.3779525756836,7.992851224316411,0.10747297078852347
Norway,NOR,2010,74.5958023,67.0545883178711,7.541213982128909,0.10109434779990172
Norway,NOR,2011,78.2682343,71.2217254638671,7.046508836132901,0.09003025172541679
Norway,NOR,2012,80.0718842,72.4483566284179,7.623527571582102,0.09520854476885286
Norway,NOR,2013,84.0302887,75.0414428710937,8.988845828906307,0.10697149763459407
Norway,NOR,2014,85.3662338,76.3105163574218,9.0557174425782,0.10608078908335533
Norway,NOR,2015,86.390419,76.5587158203125,9.831703179687494,0.11380548090277806
Norway,NOR,2016,85.9548721,75.8446884155273,10.110183684472702,0.11762199672300719
Norway,NOR,2017,84.2829971,75.6494903564453,8.633506743554705,0.1024347382107358
Norway,NOR,2018,84.9459457,75.0479888916015,9.89795680839849,0.11652065000670762
Norway,NOR,2019,87.2340088,76.91650390625,10.317504893749998,0.11827388235022851
Norway,NOR,2020,84.3928528,74.2474288940429,10.145423905957102,0.12021662462341956
Norway,NOR,2021,87.0847549,75.5267181396484,11.558036760351598,0.13272170052753515
Norway,NOR,2022,84.814949,75.873291015625,8.941657984374999,0.10542549503124736
Norway,NOR,2023,86.7411499,77.7559127807617,8.985237119238292,0.10358678815760422
Pakistan,PAK,1987,2.33181643,1.85220301151275,0.47961341848725003,0.20568232229466282
Pakistan,PAK,1990,2.36949039,1.93034029006958,0.4391500999304201,0.1853352525858609
Pakistan,PAK,1996,3.81738186,3.15552473068237,0.6618571293176299,0.1733798591785706
Pakistan,PAK,1998,3.79763818,2.99345231056213,0.8041858694378701,0.21175947557960093
Pakistan,PAK,2001,3.37364006,2.79519176483154,0.5784482951684602,0.1714611769130048
Pakistan,PAK,2004,4.11453009,3.31070017814636,0.8038299118536396,0.19536372180319617
Pakistan,PAK,2005,4.14534616,3.31179881095886,0.8335473490411398,0.2010802757763274
Pakistan,PAK,2007,4.34268045,3.53645205497741,0.8062283950225897,0.1856522496428651
Pakistan,PAK,2010,4.68614817,3.87116909027099,0.8149790797290102,0.17391235833010593
Pakistan,PAK,2011,4.79685974,3.905681848526,0.8911778914740003,0.18578360422812784
Pakistan,PAK,2013,5.10438776,4.2313904762268,0.8729972837731994,0.17102879421002284
Pakistan,PAK,2015,5.58370256,4.45721578598022,1.1264867740197797,0.20174548373862158
Pakistan,PAK,2018,5.4313941,4.44639873504638,0.9849953649536207,0.1813522176476976
Pakistan,PAK,2024,5.43263674,4.32220888137817,1.1104278586218301,0.20439943102505875
Palestine,PSE,2004,13.4850864,10.8224096298217,2.662676770178301,0.1974534453244809
Palestine,PSE,2005,14.0562496,11.2668294906616,2.7894201093383995,0.19844696762772338
Palestine,PSE,2006,14.0883522,11.3457946777343,2.742557522265699,0.19466843839023978
Palestine,PSE,2007,12.9648962,10.3866186141967,2.578277585803301,0.19886604150392664
Palestine,PSE,2009,14.8638134,11.7610874176025,3.1027259823974997,0.20874360427570354
Palestine,PSE,2010,14.9985104,11.7260103225708,3.2725000774292,0.21818833938530321
Palestine,PSE,2011,14.968955,11.901494026184,3.067460973815999,0.2049215174884285
Palestine,PSE,2016,14.4995251,11.9776754379272,2.5218496620727997,0.17392636273810097
Palestine,PSE,2023,15.0179501,12.0482587814331,2.9696913185669,0.19774278771687356
Panama,PAN,1979,12.215436,7.94647693634033,4.26895906365967,0.3494725086897979
Panama,PAN,1989,10.7809973,6.15666818618774,4.6243291138122595,0.42893333382174764
Panama,PAN,1991,11.5094538,6.51416015625,4.995293643749999,0.4340165685143112
Panama,PAN,1995,14.6944761,8.49757957458496,6.19689652541504,0.42171605732953216
Panama,PAN,1997,15.2222977,8.39892196655273,6.8233757334472696,0.4482487379975015
Panama,PAN,1998,14.5796871,8.26887702941894,6.310810070581059,0.43284948622670094
Panama,PAN,1999,15.316431,8.79122924804687,6.52520175195313,0.42602625585249787
Panama,PAN,2000,16.2662449,9.17706680297851,7.08917809702149,0.4358214290147254
Panama,PAN,2001,14.3135452,8.18910217285156,6.124443027148439,0.4278774364822238
Panama,PAN,2002,15.636323,8.76378154754638,6.872541452453621,0.43952414211791485
Panama,PAN,2003,15.9062281,8.98904418945312,6.91718391054688,0.43487267170190275
Panama,PAN,2004,16.1903229,9.37248134613037,6.817841553869632,0.4211059653337508
Panama,PAN,2005,15.9797564,9.42136192321777,6.5583944767822295,0.41041892708591166
Panama,PAN,2006,16.1867371,9.44823265075683,6.738504449243168,0.41629788682014046
Panama,PAN,2007,16.9166107,10.4527263641357,6.4638843358643,0.3821028012345464
Panama,PAN,2008,20.3841095,12.4696702957153,7.914439204284701,0.3882651437034667
Panama,PAN,2009,20.4396496,12.5558080673217,7.8838415326783,0.38571314513524246
Panama,PAN,2010,20.9299469,13.1018476486206,7.828099251379401,0.3740142910433949
Panama,PAN,2011,23.1670685,14.5260725021362,8.640995997863799,0.37298616343555935
Panama,PAN,2012,23.4476585,14.6331710815429,8.8144874184571,0.3759218609592553
Panama,PAN,2013,24.2897644,15.318977355957,8.970787044043,0.36932375696665876
Panama,PAN,2014,24.4020348,15.8622875213623,8.5397472786377,0.34996045815973104
Panama,PAN,2015,26.6550522,17.0066413879394,9.6484108120606,0.36197306010380276
Panama,PAN,2016,28.0121403,18.023078918457,9.989061381543,0.3565975778560198
Panama,PAN,2017,27.8570538,18.4639892578125,9.3930645421875,0.33718801024778505
Panama,PAN,2018,29.3673859,19.4278507232666,9.939535176733397,0.338454883610645
Panama,PAN,2019,30.3728409,19.816234588623,10.556606311377,0.3475673002118481
Panama,PAN,2021,27.9892235,17.4095134735107,10.579710026489302,0.3779922664338759
Panama,PAN,2023,27.3228397,17.8956699371337,9.4271697628663,0.34502891596828783
Panama,PAN,2024,28.7001438,18.57639503479,10.12374876521,0.35274209201732293
Paraguay,PRY,1990,16.6382504,12.0095405578613,4.628709842138701,0.27819690958243426
Paraguay,PRY,1995,15.6660624,8.4700288772583,7.196033522741699,0.4593390054888138
Paraguay,PRY,1997,16.8201313,10.0885601043701,6.7315711956299005,0.40020919430218127
Paraguay,PRY,1999,15.2927046,8.94476318359375,6.34794141640625,0.4150960593593268
Paraguay,PRY,2001,15.5968246,9.15167331695556,6.44515128304444,0.41323483775309244
Paraguay,PRY,2002,12.6458044,6.94857263565063,5.697231764349369,0.4505234767310943
Paraguay,PRY,2003,14.3237782,8.06845092773437,6.25532727226563,0.43670930846064276
Paraguay,PRY,2004,14.013999,8.2477216720581,5.7662773279419,0.4114655158703736
Paraguay,PRY,2005,14.7225742,8.9388952255249,5.7836789744751,0.39284427409950495
Paraguay,PRY,2006,13.7416382,8.21741390228271,5.524224297717291,0.40200623952661557
Paraguay,PRY,2007,14.7199421,8.82633018493652,5.893611915063481,0.40038281910521106
Paraguay,PRY,2008,15.307229,9.44151496887207,5.865714031127929,0.3831989467935659
Paraguay,PRY,2009,14.8809824,9.76593971252441,5.11504268747559,0.3437301751983518
Paraguay,PRY,2010,16.2009563,10.2796125411987,5.921343758801301,0.36549347144410854
Paraguay,PRY,2011,17.8458157,11.0402612686157,6.8055544313843,0.38135294826474647
Paraguay,PRY,2012,17.7223854,12.1881513595581,5.5342340404419,0.31227365366074816
Paraguay,PRY,2013,19.8019733,12.9538230895996,6.8481502104004,0.345831706095695
Paraguay,PRY,2014,21.1273098,13.2736749649047,7.853634835095299,0.3717290516133436
Paraguay,PRY,2015,19.9712811,13.2255125045776,6.745768595422399,0.3377734538733421
Paraguay,PRY,2016,19.3666573,12.6541156768798,6.712541623120201,0.3466030053167823
Paraguay,PRY,2017,20.3950291,13.0857410430908,7.309288056909198,0.35838576258315796
Paraguay,PRY,2018,20.2078934,13.8237104415893,6.384182958410699,0.3159252096218352
Paraguay,PRY,2019,20.4453411,14.014533996582,6.430807103418001,0.3145365524578116
Paraguay,PRY,2020,18.0751991,12.9384698867797,5.136729213220299,0.28418659096376425
Paraguay,PRY,2021,18.1955376,13.0905208587646,5.105016741235401,0.2805642159886169
Paraguay,PRY,2022,19.3334808,13.4423389434814,5.891141856518601,0.30471190974149887
Paraguay,PRY,2023,20.3424225,14.3314924240112,6.010930075988801,0.2954874266321428
Paraguay,PRY,2024,21.2746773,14.9219741821289,6.352703117871101,0.29860397073431055
Peru,PER,1997,9.32482338,5.67316722869873,3.65165615130127,0.39160593209018724
Peru,PER,1998,9.78758717,5.64768505096435,4.13990211903565,0.4229747380156053
Peru,PER,1999,9.55537033,5.57325983047485,3.9821104995251506,0.41674057226468064
Peru,PER,2000,8.41906643,5.66121816635131,2.7578482636486905,0.32757174285043505
Peru,PER,2001,8.50216198,5.38297939300537,3.11918258699463,0.3668693438600696
Peru,PER,2002,9.81641293,5.9672679901123,3.8491449398877,0.3921131850642004
Peru,PER,2003,10.1814365,6.06885623931884,4.112580260681161,0.4039292746835047
Peru,PER,2004,9.27099323,6.07790470123291,3.19308852876709,0.34441709205811705
Peru,PER,2005,8.86952305,5.75179195404052,3.1177310959594795,0.35151056921369406
Peru,PER,2006,9.98225784,6.53348064422607,3.448777195773931,0.3454906946957734
Peru,PER,2007,11.2185211,7.41446208953857,3.8040590104614305,0.339087387415212
Peru,PER,2008,11.6385641,8.13109111785888,3.5074729821411204,0.30136647029689173
Peru,PER,2009,12.1440363,8.43268394470214,3.7113523552978602,0.30561110520542994
Peru,PER,2010,12.7078524,9.09133720397949,3.6165151960205097,0.28458901490077976
Peru,PER,2011,13.1342897,9.6739330291748,3.4603566708252007,0.2634597492413465
Peru,PER,2012,13.8597698,10.2552833557128,3.6044864442872004,0.26006827647939723
Peru,PER,2013,13.997489,10.3547067642211,3.642782235778899,0.26024540799988477
Peru,PER,2014,14.0672007,10.495491027832,3.5717096721680015,0.25390337056668294
Peru,PER,2015,14.20189,10.4833717346191,3.718518265380901,0.2618326339227315
Peru,PER,2016,14.6880264,10.8139390945434,3.8740873054566,0.2637581932353144
Peru,PER,2017,14.4759493,10.7203140258789,3.7556352741211008,0.2594396537518338
Peru,PER,2018,14.8567781,11.066180229187,3.7905978708130004,0.2551426591484866
Peru,PER,2019,15.055934,11.3703832626342,3.6855507373658014,0.24479057475715563
Peru,PER,2020,11.8685169,8.608078956604,3.260437943395999,0.2747131735891954
Peru,PER,2021,13.2172251,10.0013990402221,3.2158260597779,0.2433056890116746
Peru,PER,2022,13.5500784,10.2391757965087,3.3109026034913,0.24434564182974025
Peru,PER,2023,13.523572,10.2516450881958,3.271926911804199,0.2419425068912414
Peru,PER,2024,13.862174,10.669653892517,3.1925201074830003,0.23030443186494415
Philippines,PHL,1985,4.68450451,3.36186623573303,1.32263827426697,0.28234325987808045
Philippines,PHL,1988,4.91498232,3.48749494552612,1.42748737447388,0.2904359123867367
Philippines,PHL,1991,5.26711845,3.576180934906,1.6909375150939998,0.3210365461012178
Philippines,PHL,1994,5.34023142,3.70533180236816,1.6348996176318402,0.306147709537247
Philippines,PHL,1997,6.69627857,4.36628913879394,2.3299894312060596,0.3479528826122387
Philippines,PHL,2000,6.34330463,4.31851434707641,2.0247902829235906,0.31920117368280804
Philippines,PHL,2003,6.45926476,4.53690290451049,1.9223618554895099,0.2976131072059523
Philippines,PHL,2006,6.57304096,4.49726247787475,2.0757784821252505,0.3158018479965855
Philippines,PHL,2009,6.89722013,4.80267238616943,2.09454774383057,0.3036799905399815
Philippines,PHL,2012,6.79325771,4.69911479949951,2.09414291050049,0.3082678443683671
Philippines,PHL,2015,7.25112104,5.19536638259887,2.0557546574011303,0.2835085286896728
Philippines,PHL,2018,7.56124258,5.67732763290405,1.88391494709595,0.2491541472401683
Philippines,PHL,2021,7.0322566,5.33747768402099,1.6947789159790103,0.24100072172835818
Philippines,PHL,2023,7.2552371,5.66749811172485,1.5877389882751505,0.2188403998919829
Poland,POL,1985,16.1486797,14.6502752304077,1.4984044695922982,0.09278804815184354
Poland,POL,1986,16.5067196,14.8211078643798,1.685611735620201,0.10211670013587684
Poland,POL,1987,16.4955654,14.8706445693969,1.6249208306031004,0.09850652531153012
Poland,POL,1989,23.6963406,21.2547054290771,2.4416351709229005,0.10303849071627966
Poland,POL,1992,18.1931877,15.7384634017944,2.4547242982055995,0.1349254643377092
Poland,POL,1995,14.9729185,12.5025806427001,2.470337857299901,0.1649870636309081
Poland,POL,1999,17.9298267,15.2890424728393,2.640784227160699,0.1472844256303213
Poland,POL,2004,19.4054089,15.7267541885375,3.6786547114625012,0.18956852341629868
Poland,POL,2005,20.5498772,16.8818988800048,3.6679783199952,0.17849149580296275
Poland,POL,2006,21.9737148,18.2678794860839,3.7058353139161007,0.16864855795416533
Poland,POL,2007,24.6925373,20.4456939697265,4.246843330273503,0.17198894057248232
Poland,POL,2008,26.6252327,22.2712841033935,4.3539485966065,0.16352715657604375
Poland,POL,2009,27.0771904,22.7734012603759,4.303789139624101,0.1589451887749809
Poland,POL,2010,27.6229553,23.3126926422119,4.310262657788101,0.15603915696117066
Poland,POL,2011,27.8351269,23.5422248840332,4.292902015966799,0.15422606232008232
Poland,POL,2012,27.6943321,23.4949073791503,4.199424720849702,0.15163480764534135
Poland,POL,2013,28.3771839,24.1348667144775,4.242317185522499,0.14949746953299686
Poland,POL,2014,29.1695595,24.9854393005371,4.1841201994629,0.1434413227756456
Poland,POL,2015,30.6674385,26.6836433410644,3.9837951589355995,0.12990309441512696
Poland,POL,2016,32.8240166,27.8395938873291,4.984422712670899,0.15185291834975792
Poland,POL,2017,33.7276077,29.5096702575683,4.217937442431701,0.125058897741855
Poland,POL,2018,36.2554245,31.315689086914,4.939735413085998,0.13624817475481493
Poland,POL,2019,39.7015724,34.722053527832,4.979518872168001,0.12542371929248827
Poland,POL,2020,40.6912689,35.9856452941894,4.705623605810594,0.11564209554081009
Poland,POL,2021,43.0127296,37.9690055847168,5.043724015283203,0.11726119365563824
Poland,POL,2022,43.4728966,38.2377548217773,5.235141778222697,0.12042311848671933
Poland,POL,2023,44.0546227,38.8391723632812,5.215450336718803,0.11838599486447997
Portugal,PRT,2003,33.0277252,25.1693897247314,7.8583354752686,0.23793147810460166
Portugal,PRT,2004,34.1200943,25.6397171020507,8.480377197949299,0.24854495193904838
Portugal,PRT,2005,34.0198021,25.3490600585937,8.6707420414063,0.25487338274099774
Portugal,PRT,2006,34.6239319,25.8887825012207,8.735149398779303,0.2522864654426871
Portugal,PRT,2007,34.8783302,27.1888904571533,7.689439742846702,0.22046467530853014
Portugal,PRT,2008,34.5694733,27.1263179779052,7.4431553220948,0.21531005860291194
Portugal,PRT,2009,35.3385239,28.6344757080078,6.7040481919922,0.18970934414134374
Portugal,PRT,2010,34.7307358,27.5638980865478,7.1668377134522,0.20635432991466307
Portugal,PRT,2011,33.2571602,26.1989784240722,7.0581817759278,0.21223044100824337
Portugal,PRT,2012,31.3133221,25.174898147583,6.138423952417,0.19603234472579323
Portugal,PRT,2013,31.2396431,25.3592529296875,5.8803901703124986,0.18823487040133627
Portugal,PRT,2014,31.7973518,26.105878829956,5.691472970044,0.17899204329475008
Portugal,PRT,2015,33.4721718,27.3201370239257,6.152034776074299,0.18379550669234732
Portugal,PRT,2016,34.3244095,27.6941051483154,6.6303043516846,0.19316586791346257
Portugal,PRT,2017,34.5662308,28.2770748138427,6.289155986157301,0.18194509035556464
Portugal,PRT,2018,36.4810066,29.9777278900146,6.503278709985402,0.17826478258375145
Portugal,PRT,2019,38.9934006,32.5417251586914,6.451675441308602,0.1654555730465991
Portugal,PRT,2020,40.4537277,32.8818931579589,7.571834542041103,0.1871727272747995
Portugal,PRT,2021,40.4172745,32.3334884643554,8.0837860356446,0.2000081929236619
Portugal,PRT,2022,40.854496,32.2015571594238,8.652938840576198,0.2117989373942148
Portugal,PRT,2023,41.0671997,33.6769142150878,7.390285484912205,0.1799559146691028
Romania,ROU,1989,19.0129719,17.7873344421386,1.2256374578613993,0.06446322354588865
Romania,ROU,1992,12.5871639,11.5849161148071,1.0022477851928997,0.07962459162011068
Romania,ROU,1994,5.38552237,4.74174356460571,0.6437788053942901,0.11953878587162754
Romania,ROU,1995,10.328393,8.92278289794921,1.4056101020507903,0.13609184914350086
Romania,ROU,1997,9.46620464,8.19143676757812,1.2747678724218812,0.13466515049075475
Romania,ROU,2006,10.9257526,8.92211055755615,2.0036420424438486,0.18338709613869975
Romania,ROU,2007,11.9010448,9.82595252990722,2.07509227009278,0.1743621929809709
Romania,ROU,2008,13.399457,11.1777267456054,2.2217302543946005,0.16580748416854507
Romania,ROU,2009,13.6858625,11.5452289581298,2.1406335418702014,0.15641203043434063
Romania,ROU,2010,13.0843639,11.2333841323852,1.850979767614799,0.14146501746369183
Romania,ROU,2011,12.2655668,10.4047956466674,1.8607711533325997,0.1517069030460622
Romania,ROU,2012,12.3472881,10.5506877899169,1.7966003100831003,0.1455056604764167
Romania,ROU,2013,12.4323959,10.6190462112426,1.8133496887574,0.1458568166058322
Romania,ROU,2014,12.8983364,11.5134296417236,1.384906758276399,0.10737095973682304
Romania,ROU,2015,13.9155788,12.3105659484863,1.6050128515137008,0.11533928085791881
Romania,ROU,2016,15.8488569,14.1358499526977,1.7130069473022989,0.10808394309511993
Romania,ROU,2017,19.8565521,17.3763961791992,2.4801559208007973,0.12490365438624149
Romania,ROU,2018,22.3541241,19.0432224273681,3.3109016726319,0.1481114472578194
Romania,ROU,2019,24.2072639,21.4560413360595,2.7512225639405017,0.1136527686609184
Romania,ROU,2020,27.1389351,23.8878078460693,3.251127253930701,0.11979568254801201
Romania,ROU,2021,29.8044395,26.1580142974853,3.6464252025147026,0.12234503529297044
Romania,ROU,2022,30.3416042,27.7704429626464,2.5711612373536,0.08474045144104807
Romania,ROU,2023,32.6554565,29.8524150848388,2.8030414151612,0.08583684675059434
Russia,RUS,1993,15.8023939,11.1306896209716,4.6717042790284005,0.295632693919141
Russia,RUS,1996,15.9082031,11.194725036621,4.713478063379,0.2962922986178747
Russia,RUS,1997,14.5288954,11.2813863754272,3.2475090245727998,0.223520710636598
Russia,RUS,1998,13.0693245,10.1867046356201,2.882619864379901,0.22056379917568814
Russia,RUS,1999,10.4113998,8.21184253692627,2.1995572630737303,0.21126431654980057
Russia,RUS,2000,11.409687,9.02166748046875,2.38801951953125,0.20929754861209163
Russia,RUS,2001,12.8427048,10.0993480682373,2.7433567317627006,0.21361206805615437
Russia,RUS,2002,14.2309198,10.99862575531,3.2322940446900006,0.22713177293641978
Russia,RUS,2003,15.67486,11.6360387802124,4.0388212197876,0.2576623472099655
Russia,RUS,2004,16.9028797,12.5103940963745,4.3924856036255004,0.2598661104844461
Russia,RUS,2005,18.5905952,13.4004144668579,5.1901807331421,0.27918313950174656
Russia,RUS,2006,20.2433491,14.7469406127929,5.4964084872071,0.27151675644456974
Russia,RUS,2007,23.4749069,16.5584812164306,6.9164256835694005,0.2946305905719865
Russia,RUS,2008,25.9752331,18.4722709655761,7.5029621344239,0.2888506180306001
Russia,RUS,2009,24.7814407,18.1811218261718,6.600318873828201,0.26634120888008744
Russia,RUS,2010,26.65592,19.6982421875,6.957677812499998,0.2610181082663813
Russia,RUS,2011,27.697958,20.3088207244873,7.389137275512699,0.26677552458967185
Russia,RUS,2012,29.1438217,20.9631252288818,8.1806964711182,0.2807008825173467
Russia,RUS,2013,29.768959,21.2995510101318,8.469407989868198,0.2845046744788153
Russia,RUS,2014,29.2300835,21.3444461822509,7.885637317749101,0.26977813175761545
Russia,RUS,2015,26.9062366,20.2776203155517,6.628616284448299,0.24635984522816168
Russia,RUS,2016,26.144949,20.1474914550781,5.9974575449219,0.22939258917360672
Russia,RUS,2017,26.1989899,19.8910045623779,6.3079853376221,0.24077208173671227
Russia,RUS,2018,26.5428162,20.084056854248,6.458759345752,0.24333361226952246
Russia,RUS,2019,27.6336384,20.8394603729248,6.794178027075198,0.24586621308163306
Russia,RUS,2020,26.2665443,20.292100906372,5.974443393628,0.22745448831759724
Rwanda,RWA,2000,2.39913154,1.49330842494964,0.90582311505036,0.37756292222741566
Rwanda,RWA,2005,3.10852075,1.80016279220581,1.3083579577941897,0.42089407246008886
Rwanda,RWA,2010,3.30450845,2.08492708206176,1.2195813679382401,0.36906589478935664
Rwanda,RWA,2013,3.52225018,2.31609058380126,1.2061595961987397,0.3424400694327567
Rwanda,RWA,2016,3.50496197,2.35473322868347,1.1502287413165302,0.328171532576295
Rwanda,RWA,2023,4.89517164,3.51024484634399,1.38492679365601,0.28291690169540407
Senegal,SEN,1991,2.55344939,1.46948599815368,1.0839633918463198,0.42450944831388254
Senegal,SEN,1994,2.7630949,2.05264997482299,0.71044492517701,0.25711926332208496
Senegal,SEN,2001,3.30962586,2.33008289337158,0.9795429666284203,0.29596788521238476
Senegal,SEN,2005,3.73989391,2.82375645637512,0.9161374536248803,0.24496348711262783
Senegal,SEN,2011,3.79467964,2.81848955154418,0.9761900884558199,0.2572523061408736
Senegal,SEN,2018,6.7465024,5.00053596496582,1.7459664350341795,0.25879579247376827
Senegal,SEN,2021,6.51276922,5.03561782836914,1.4771513916308603,0.22680849600730368
Serbia,SRB,2012,15.5192013,12.627926826477,2.8912744735230014,0.18630304599006658
Serbia,SRB,2013,14.2203379,11.7903251647949,2.4300127352051,0.17088291096128594
Serbia,SRB,2014,14.326108,11.8662385940551,2.4598694059449002,0.17170535123321004
Serbia,SRB,2015,14.7048521,12.0067043304443,2.6981477695556997,0.18348690290844202
Serbia,SRB,2016,15.0265532,12.7307357788085,2.295817421191501,0.15278403441126476
Serbia,SRB,2017,15.1162443,13.1173038482666,1.9989404517334002,0.13223790328219293
Serbia,SRB,2018,17.2069454,14.7548322677612,2.4521131322387983,0.14250717226305598
Serbia,SRB,2019,19.4924316,16.7100276947021,2.782403905297901,0.14274278152644132
Serbia,SRB,2020,21.0005226,17.7568264007568,3.2436961992431996,0.15445787997881535
Serbia,SRB,2021,21.9037361,18.5573654174804,3.3463706825195985,0.15277625092093758
Serbia,SRB,2022,21.9736938,19.1808071136474,2.792886686352599,0.12710137456965015
Serbia,SRB,2023,24.1025925,21.0575294494628,3.045063050537202,0.12633757345966837
Slovakia,SVK,1992,17.2484322,16.2388572692871,1.0095749307129012,0.05853140268092895
Slovakia,SVK,1996,17.6535072,16.4248657226562,1.2286414773437997,0.06959758553494683
Slovakia,SVK,2004,18.3624401,17.0352592468261,1.3271808531738998,0.07227693301904357
Slovakia,SVK,2005,21.0499229,18.4770011901855,2.572921709814498,0.1222295075396451
Slovakia,SVK,2006,22.7047482,20.7854576110839,1.9192905889161018,0.08453256437858675
Slovakia,SVK,2007,23.542469,21.7804107666015,1.762058233398502,0.07484594047457392
Slovakia,SVK,2008,24.4867516,22.3166561126709,2.170095487329103,0.08862324912582946
Slovakia,SVK,2009,26.0417442,23.5652141571044,2.4765300428956003,0.09509847051241677
Slovakia,SVK,2010,26.6282368,24.2617454528808,2.366491347119201,0.08887150001306887
Slovakia,SVK,2011,27.6353645,25.5395545959472,2.0958099040527998,0.07583796855846789
Slovakia,SVK,2012,25.3587284,23.6894168853759,1.669311514624102,0.06582788727782195
Slovakia,SVK,2013,26.0210476,23.8285865783691,2.1924610216308977,0.08425721574833513
Slovakia,SVK,2014,25.3719406,24.0269107818603,1.3450298181397002,0.05301249279054754
Slovakia,SVK,2015,25.9025002,24.2099323272705,1.692567872729498,0.06534380309471045
Slovakia,SVK,2016,26.2022896,24.9008464813232,1.3014431186768007,0.04966906093110278
Slovakia,SVK,2017,27.0240936,25.8407287597656,1.1833648402344004,0.043789251833941265
Slovakia,SVK,2018,28.5510616,26.8657245635986,1.6853370364013998,0.059028874653172254
Slovakia,SVK,2019,29.2794552,27.8390655517578,1.4403896482422027,0.04919455086863101
Slovakia,SVK,2020,28.0984783,26.8465671539306,1.2519111460694,0.04455441083688151
Slovakia,SVK,2021,27.9311447,26.3953857421875,1.5357589578125008,0.054983745718538375
Slovakia,SVK,2022,25.3040085,24.7127132415771,0.5912952584228996,0.02336765174667483
Slovakia,SVK,2023,25.4475555,24.4623928070068,0.9851626929931996,0.03871345100291459
Slovenia,SVN,1987,43.3714905,39.5196685791015,3.8518219208985016,0.08880999653213444
Slovenia,SVN,1993,26.2413559,22.2501640319824,3.991191868017598,0.15209548939571366
Slovenia,SVN,1997,29.8731861,27.2897338867187,2.5834522132813014,0.08648063867821923
Slovenia,SVN,1999,30.0341511,27.4145565032959,2.6195945967041006,0.08722053065465535
Slovenia,SVN,2004,37.385498,33.8365936279296,3.548904372070396,0.09492729967300145
Slovenia,SVN,2005,38.7035103,35.1393356323242,3.5641746676758004,0.09208918364378439
Slovenia,SVN,2006,40.0711136,36.4379920959472,3.633121504052795,0.0906668464550183
Slovenia,SVN,2007,42.1613312,38.382080078125,3.7792511218749993,0.08963785094800326
Slovenia,SVN,2008,43.4164467,39.6307754516601,3.785671248339902,0.08719440525610545
Slovenia,SVN,2009,43.7011147,39.6040420532226,4.097072646777399,0.09375213137932609
Slovenia,SVN,2010,43.7621651,39.7571601867675,4.005004913232497,0.09151752213540498
Slovenia,SVN,2011,43.3884697,39.5303535461425,3.8581161538575017,0.08892030948622053
Slovenia,SVN,2012,41.597599,37.7598304748535,3.837768525146501,0.09225937595933123
Slovenia,SVN,2013,41.3747711,37.4313087463378,3.9434623536621984,0.09531079565687793
Slovenia,SVN,2014,42.3928642,38.390941619873,4.001922580127001,0.09440085390896992
Slovenia,SVN,2015,42.5522156,38.7521438598632,3.8000717401367936,0.0893037339314664
Slovenia,SVN,2016,43.8336983,40.0126876831054,3.821010616894604,0.08717061906899615
Slovenia,SVN,2017,44.8609352,40.8108940124511,4.050041187548899,0.09027990989249148
Slovenia,SVN,2018,47.6855011,42.9798507690429,4.705650330957106,0.09868094541124797
Slovenia,SVN,2019,48.7084999,44.2816123962402,4.426887503759801,0.09088531802146099
Slovenia,SVN,2020,51.1134682,46.3138313293457,4.799636870654297,0.09390160831728293
Slovenia,SVN,2021,53.8064041,48.6983489990234,5.1080551009766,0.09493396160581932
Slovenia,SVN,2022,53.8373528,48.3521461486816,5.4852066513184,0.10188477638741554
Slovenia,SVN,2023,54.7097435,49.235668182373,5.474075317627005,0.10005668035396664
South Africa,ZAF,1993,7.67370749,3.5070629119873,4.166644578012701,0.5429767271481833
South Africa,ZAF,2000,6.55503798,3.18512153625488,3.3699164437451197,0.5140956397242903
South Africa,ZAF,2005,10.1417217,3.73665308952331,6.40506861047669,0.631556337271283
South Africa,ZAF,2008,10.46525,4.19074201583862,6.274507984161379,0.5995564352654145
South Africa,ZAF,2010,12.3059111,5.26012229919433,7.04578880080567,0.5725532017540473
South Africa,ZAF,2014,11.5725193,5.19636058807373,6.37615871192627,0.5509741264312491
South Africa,ZAF,2022,12.2729301,6.55796861648559,5.71496148351441,0.4656558325476334
South Korea,KOR,2006,38.7354469,33.643985748291,5.091461151708998,0.1314419106833384
South Korea,KOR,2008,40.0302048,34.3122444152832,5.717960384716797,0.14284114741068715
South Korea,KOR,2010,40.5841637,34.8850936889648,5.699070011035197,0.14042595661605803
South Korea,KOR,2012,42.8428421,37.3085594177246,5.534282682275396,0.12917636671623606
South Korea,KOR,2014,44.9301071,38.8882942199707,6.041812880029298,0.13447136608381904
South Korea,KOR,2016,53.6617165,44.7692642211914,8.892452278808598,0.16571315378643542
South Korea,KOR,2017,55.4640503,46.5333251953125,8.930725104687497,0.16101826419783657
South Korea,KOR,2018,56.9643097,47.8390350341796,9.125274665820399,0.1601928420422937
South Korea,KOR,2019,59.1027527,49.8766059875488,9.226146712451204,0.15610350264533793
South Korea,KOR,2020,61.3264008,51.6143913269043,9.712009473095705,0.15836588070395458
South Korea,KOR,2021,64.3900681,54.25146484375,10.138603256249993,0.15745601077023857
Spain,ESP,1980,23.5178928,19.3634700775146,4.1544227224854,0.17664944550157147
Spain,ESP,1985,23.1138287,18.8017635345459,4.312065165454101,0.1865578057803163
Spain,ESP,1990,29.8587952,25.4240970611572,4.434698138842798,0.1485223402062384
Spain,ESP,1993,33.4340363,27.4575405120849,5.976495787915102,0.1787548393585701
Spain,ESP,1994,33.0581055,27.7675323486328,5.290573151367205,0.1600386069119177
Spain,ESP,1995,33.0899582,27.1176033020019,5.972354897998098,0.18048843887624189
Spain,ESP,1996,33.2627792,27.3841876983642,5.878591501635796,0.17673181986055442
Spain,ESP,1997,34.7001762,29.0025177001953,5.697658499804703,0.1641968175309929
Spain,ESP,1998,37.1942558,31.072805404663,6.121450395337,0.16458053168890127
Spain,ESP,1999,39.6091499,32.9997367858886,6.609413114111398,0.1668658158733015
Spain,ESP,2000,41.6691895,34.6849212646484,6.9842682353516,0.1676122890595604
Spain,ESP,2003,43.0312157,37.6499710083007,5.381244691699294,0.12505444255202147
Spain,ESP,2004,43.5922241,36.8943672180175,6.697856881982503,0.15364797323985363
Spain,ESP,2005,44.7120056,38.6882362365722,6.023769363427796,0.13472375668667827
Spain,ESP,2006,45.1243134,38.4668998718261,6.6574135281738975,0.14753495458556712
Spain,ESP,2007,53.7942886,45.3248405456543,8.469448054345705,0.1574413989805175
Spain,ESP,2008,54.7007256,46.45552444458,8.245201155419998,0.15073293937110038
Spain,ESP,2009,54.6357269,45.9880676269531,8.647659273046905,0.15827847021921668
Spain,ESP,2010,51.6658096,43.0900917053222,8.575717894677801,0.16598439008449797
Spain,ESP,2011,49.7334595,41.7613525390625,7.972106960937502,0.16029665020462736
Spain,ESP,2012,47.3822708,40.1462478637695,7.236022936230498,0.15271583261118202
Spain,ESP,2013,46.0862083,39.1047058105468,6.981502489453206,0.15148789078083488
Spain,ESP,2014,46.3219566,39.2265090942382,7.095447505761797,0.15317676597801133
Spain,ESP,2015,47.6551704,40.256290435791,7.3988799642090015,0.155258703349616
Spain,ESP,2016,49.3958015,42.0077667236328,7.388034776367199,0.1495680716177305
Spain,ESP,2017,49.9306183,42.5764007568359,7.354217543164097,0.147288733718006
Spain,ESP,2018,50.2109795,42.3691062927246,7.841873207275398,0.1561784550981603
Spain,ESP,2019,52.4672623,45.1060600280761,7.361202271923901,0.14030086475321776
Spain,ESP,2020,52.6163635,45.0749320983886,7.541431401611398,0.14332863200649354
Spain,ESP,2021,54.0578423,46.3086357116699,7.749206588330097,0.14335027553125437
Spain,ESP,2022,54.0464897,46.3387908935546,7.7076988064454,0.14261238517485808
Spain,ESP,2023,54.8494644,47.3042831420898,7.545181257910201,0.13756162143873552
Suriname,SUR,2022,18.6953659,14.4376420974731,4.257723802526899,0.2277422022816306
Sweden,SWE,1975,30.8216305,27.8099575042724,3.0116729957276007,0.09771296803157771
Sweden,SWE,1981,32.274601,30.0999069213867,2.174694078613296,0.06738097486048847
Sweden,SWE,1987,34.6806984,31.5646133422851,3.1160850577148977,0.08985070086463132
Sweden,SWE,1992,41.080513,37.0520858764648,4.028427123535202,0.09806175311236259
Sweden,SWE,1995,38.7626801,35.53564453125,3.227035568749997,0.0832510951364789
Sweden,SWE,2000,45.1083183,39.3760681152343,5.732250184765704,0.12707745269159598
Sweden,SWE,2001,46.6095085,40.6517181396484,5.957790360351595,0.12782349679468505
Sweden,SWE,2002,47.7261696,42.0010833740234,5.725086225976597,0.11995696017424781
Sweden,SWE,2003,43.895771,39.9508552551269,3.9449157448731,0.08987006390372092
Sweden,SWE,2004,45.064106,40.217788696289,4.846317303711004,0.1075427370890483
Sweden,SWE,2005,45.5122261,41.2399291992187,4.272296900781299,0.09387141141798158
Sweden,SWE,2006,48.2200813,43.224365234375,4.995716065624997,0.10360239823206181
Sweden,SWE,2007,51.110611,45.4149894714355,5.6956215285645015,0.1114371637733797
Sweden,SWE,2008,52.8000755,46.3807487487793,6.4193267512207015,0.12157798431975161
Sweden,SWE,2009,53.1318245,47.1963844299316,5.9354400700684025,0.11171158012969049
Sweden,SWE,2010,53.956459,47.8360176086425,6.120441391357502,0.11343296993150537
Sweden,SWE,2011,54.5176735,48.4733200073242,6.044353492675803,0.11086961538584003
Sweden,SWE,2012,55.7958031,49.3897514343261,6.4060516656739,0.11481242870888796
Sweden,SWE,2013,57.2539215,50.2175979614257,7.036323538574294,0.1228967964853603
Sweden,SWE,2014,58.6100655,51.5671882629394,7.042877237060594,0.12016497809681845
Sweden,SWE,2015,60.6362648,52.8346672058105,7.801597594189502,0.12866223900700266
Sweden,SWE,2016,61.5874634,53.6846008300781,7.902862569921901,0.1283193386062057
Sweden,SWE,2017,61.5469246,53.7220115661621,7.824913033837895,0.12713735226727957
Sweden,SWE,2018,62.2319984,54.214557647705,8.017440752295002,0.12883148474137707
Sweden,SWE,2019,63.4569511,55.612564086914,7.844387013085999,0.12361745840458445
Sweden,SWE,2020,64.6738663,56.9807624816894,7.693103818310597,0.11895227946671555
Sweden,SWE,2021,64.7073822,56.6702423095703,8.0371398904297,0.12420746469990405
Sweden,SWE,2022,64.9539413,55.9760551452636,8.977886154736396,0.13821926699213857
Sweden,SWE,2023,62.8338852,55.6033515930175,7.2305336069824975,0.11507379472028093
Switzerland,CHE,1982,80.7699966,63.0348854064941,17.7351111935059,0.21957548520567724
Switzerland,CHE,1992,76.6258926,62.8876647949218,13.738227805078203,0.1792896283348248
Switzerland,CHE,2000,75.7629089,61.1233673095703,14.639541590429701,0.19322834620503465
Switzerland,CHE,2002,78.2844162,65.5840682983398,12.700347901660194,0.16223341142652853
Switzerland,CHE,2004,75.6437988,62.8589439392089,12.7848548607911,0.16901391870328833
Switzerland,CHE,2006,79.2866135,65.6033630371093,13.683250462890697,0.17257958006859125
Switzerland,CHE,2007,81.360939,66.449951171875,14.910987828125002,0.18326961329840358
Switzerland,CHE,2008,81.9334641,67.3370361328125,14.596427967187495,0.17814977222704168
Switzerland,CHE,2009,81.5873871,67.3908309936523,14.1965561063477,0.17400429908298534
Switzerland,CHE,2010,81.8950882,68.6006088256836,13.29447937431641,0.16233549125497382
Switzerland,CHE,2011,83.0582886,70.2131805419921,12.845108058007895,0.15465173042354133
Switzerland,CHE,2012,85.1118088,71.0377960205078,14.074012779492207,0.16535910795368042
Switzerland,CHE,2013,84.7142868,70.2807312011718,14.433555598828193,0.1703792376001942
Switzerland,CHE,2014,85.7361145,70.8927383422851,14.8433761577149,0.17312863131574385
Switzerland,CHE,2015,85.3419647,71.447151184082,13.894813515918003,0.16281337750732613
Switzerland,CHE,2016,86.8843918,72.0669631958007,14.817428604199307,0.1705418924760121
Switzerland,CHE,2017,86.6057129,72.1725692749023,14.4331436250977,0.16665348210646388
Switzerland,CHE,2018,85.0621185,70.9879379272461,14.074180572753903,0.16545767752955629
Switzerland,CHE,2019,87.4546738,71.4418411254882,16.0128326745118,0.18309864960598365
Switzerland,CHE,2020,88.4122696,72.5890502929687,15.823219307031309,0.17897085301191396
Switzerland,CHE,2021,89.507576,73.0670623779296,16.440513622070398,0.18367734170424185
Switzerland,CHE,2022,87.389679,72.2890090942382,15.100669905761805,0.17279694900540607
Syria,SYR,1996,11.9461346,9.29192543029785,2.654209169702151,0.2221814217380533
Syria,SYR,2003,15.0382957,11.2424945831298,3.7958011168702015,0.2524089958458658
Syria,SYR,2006,15.6396666,11.6429119110107,3.9967546889893004,0.2555524226449495
Syria,SYR,2009,15.5183048,11.4450101852417,4.0732946147583,0.26248322012326375
Syria,SYR,2022,5.15911484,4.61311388015747,0.5460009598425302,0.10583229425506066
Taiwan,TWN,1981,18.1716976,15.2376470565795,2.9340505434205024,0.16146265516879954
Taiwan,TWN,1986,24.2052956,20.3651275634765,3.840168036523501,0.15864991281178575
Taiwan,TWN,1991,40.3780365,33.812931060791,6.565105439208999,0.1625910026409778
Taiwan,TWN,1995,47.0050507,39.6497535705566,7.3552971294434,0.15647886811966358
Taiwan,TWN,1997,49.6662025,41.6507377624511,8.015464737548896,0.1613867043196809
Taiwan,TWN,2000,52.6357613,43.6105194091796,9.025241890820396,0.1714659704336868
Taiwan,TWN,2005,52.4701118,43.0448303222656,9.425281477734401,0.17963143500933806
Taiwan,TWN,2007,49.7959251,40.8549919128418,8.940933187158201,0.17955150284291438
Taiwan,TWN,2010,46.3279572,38.0627632141113,8.2651939858887,0.17840618247438506
Taiwan,TWN,2013,47.0635338,38.7639350891113,8.299598710888702,0.17634882127972937
Taiwan,TWN,2016,50.2440796,41.7246704101562,8.519409189843799,0.16956045881759568
Taiwan,TWN,2017,51.6417313,42.8058128356933,8.835918464306694,0.17110035318096886
Taiwan,TWN,2018,51.904808,43.1041221618652,8.800685838134804,0.1695543472222227
Taiwan,TWN,2019,53.1264267,44.3007354736328,8.825691226367205,0.16612619697170794
Taiwan,TWN,2020,55.9133644,46.5261306762695,9.387233723730496,0.16788890857246458
Taiwan,TWN,2021,55.6078072,46.1442680358886,9.463539164111403,0.17018364220107932
Tajikistan,TJK,1999,2.27417684,1.95671725273132,0.31745958726868007,0.13959318452503458
Tajikistan,TJK,2003,3.35567522,2.75256061553955,0.6031146044604503,0.17972973095425196
Tajikistan,TJK,2004,4.44451952,3.61437034606933,0.8301491739306699,0.18678040903973123
Tajikistan,TJK,2007,5.04563379,4.29713535308837,0.7484984369116301,0.14834577142619582
Tajikistan,TJK,2009,5.9443984,5.02996158599853,0.91443681400147,0.15383168362360605
Tajikistan,TJK,2015,6.96083498,5.69684410095214,1.2639908790478591,0.18158610032842054
Tajikistan,TJK,2021,7.81808853,6.59409427642822,1.2239942535717798,0.15655927262463218
Tajikistan,TJK,2022,9.53449535,7.12204074859619,2.4124546014038106,0.25302383742877493
Tajikistan,TJK,2023,9.77393246,7.60265493392944,2.1712775260705595,0.22214983937699112
Tajikistan,TJK,2024,9.54427624,7.61428928375244,1.9299869562475607,0.2022140713152243
Thailand,THA,1981,6.55766439,4.39703607559204,2.16062831440796,0.32948138024610923
Thailand,THA,1988,6.85435915,4.60660934448242,2.2477498055175795,0.32792997220135156
Thailand,THA,1990,7.66471338,4.8873553276062,2.7773580523938,0.3623564136972073
Thailand,THA,1992,9.22610664,5.6281623840332,3.5979442559668,0.3899742758627815
Thailand,THA,1994,9.70015335,6.49048948287963,3.209663867120371,0.3308879510776364
Thailand,THA,1996,10.5328512,7.13488864898681,3.3979625510131894,0.32260614780290353
Thailand,THA,1998,10.5306797,7.29658555984497,3.2340941401550305,0.3071116235882695
Thailand,THA,1999,10.0643864,6.80292034149169,3.2614660585083097,0.32406009953158293
Thailand,THA,2000,9.92854309,6.72794914245605,3.2005939475439495,0.3223629004307368
Thailand,THA,2002,11.2242289,7.82826662063598,3.39596227936402,0.3025563991628877
Thailand,THA,2004,12.6674805,8.82666110992431,3.8408193900756906,0.3032031026276844
Thailand,THA,2006,14.1989307,10.0927190780639,4.106211621936101,0.28919160947352895
Thailand,THA,2007,14.1474504,10.3423604965209,3.8050899034791,0.26895940935612683
Thailand,THA,2008,14.9512167,10.8397636413574,4.111453058642599,0.27499120246465286
Thailand,THA,2009,15.4635401,11.4065599441528,4.056980155847199,0.2623577867429722
Thailand,THA,2010,15.9565792,11.6802892684936,4.276289931506399,0.26799540665372684
Thailand,THA,2011,16.1960201,12.2021875381469,3.9938325618530985,0.24659345550287992
Thailand,THA,2012,17.4599419,12.8994150161743,4.5605268838257,0.261199430670826
Thailand,THA,2013,17.7373142,13.2849769592285,4.4523372407715005,0.25101529975555714
Thailand,THA,2014,17.7065964,13.4665832519531,4.2400131480468986,0.23945952413795904
Thailand,THA,2015,18.5337105,14.3018655776977,4.231844922302301,0.22833230951256633
Thailand,THA,2016,18.4658222,14.1104621887207,4.355360011279302,0.23586060583207075
Thailand,THA,2017,18.7744446,14.4731187820434,4.301325817956599,0.2291053562221808
Thailand,THA,2018,18.5345058,14.2389469146728,4.2955588853272015,0.2317600982556115
Thailand,THA,2019,18.5939674,14.5330123901367,4.060955009863301,0.21840174947619306
Thailand,THA,2020,18.9940891,14.9383192062377,4.0557698937622995,0.21352800191730698
Thailand,THA,2021,19.192564,14.9830026626586,4.2095613373414,0.21933293213670668
Thailand,THA,2022,21.0879478,16.7443771362304,4.343570663769597,0.2059740807860686
Thailand,THA,2023,20.3768826,16.3504581451416,4.026424454858397,0.19759766662533537
Thailand,THA,2024,19.5388966,15.7174787521362,3.821417847863801,0.19558002307375946
Togo,TGO,2006,3.05534768,2.11115622520446,0.9441914547955403,0.3090291363487445
Togo,TGO,2011,3.20309687,2.13959336280822,1.06350350719178,0.33202352297006243
Togo,TGO,2015,3.28387403,2.32835459709167,0.9555194329083303,0.2909732298435121
Togo,TGO,2018,5.47161293,3.85627818107605,1.6153347489239502,0.2952209466549291
Togo,TGO,2021,5.03150082,3.85133743286132,1.1801633871386796,0.23455494282095332
Tonga,TON,2000,12.5343971,9.9420804977417,2.5923166022583004,0.20681621793028246
Tonga,TON,2009,11.705759,9.09493160247802,2.6108273975219802,0.2230378566244171
Tonga,TON,2015,9.33490562,7.7448296546936,1.5900759653064007,0.17033658721730072
Tonga,TON,2021,12.5991888,11.0026979446411,1.5964908553588995,0.1267137813951085
Tunisia,TUN,1985,7.59806395,5.38295984268188,2.21510410731812,0.2915353334605877
Tunisia,TUN,1990,8.17267132,6.20414972305297,1.9685215969470296,0.24086636056557206
Tunisia,TUN,1995,8.32686043,6.10231637954711,2.2245440504528897,0.26715279656163154
Tunisia,TUN,2000,9.85146904,7.29535913467407,2.55610990532593,0.2594648468109006
Tunisia,TUN,2005,10.8504381,8.43693542480468,2.4135026751953195,0.22243366147541263
Tunisia,TUN,2010,13.9688578,10.7528409957885,3.2160168042115007,0.2302276141870025
Tunisia,TUN,2015,14.9757586,12.3665475845336,2.6092110154664,0.1742289713101011
Tunisia,TUN,2021,15.8909969,13.0399627685546,2.851034131445399,0.1794119116243361
Turkey,TUR,1987,10.1022606,7.40858888626098,2.693671713739019,0.2666404897275189
Turkey,TUR,1994,10.3287115,7.64347028732299,2.6852412126770107,0.25997833443958723
Turkey,TUR,2002,11.1801014,8.24209117889404,2.9380102211059604,0.26278922846853253
Turkey,TUR,2003,10.6282158,7.69971227645874,2.9285035235412593,0.2755404649895479
Turkey,TUR,2004,13.0612011,9.89964771270752,3.1615533872924804,0.24205686468547524
Turkey,TUR,2005,13.8848295,10.2955341339111,3.5892953660888995,0.25850482111349654
Turkey,TUR,2006,13.9532871,10.842562675476,3.110724424524001,0.22293846620012578
Turkey,TUR,2007,14.7124643,11.6092720031738,3.103192296826201,0.21092267301720494
Turkey,TUR,2008,16.2764072,12.882827758789,3.393579441211001,0.20849683836928096
Turkey,TUR,2009,16.1057587,12.5756072998046,3.5301514001953986,0.21918566308803564
Turkey,TUR,2010,16.3784924,12.664999961853,3.7134924381469983,0.22672980805895165
Turkey,TUR,2011,17.9168129,13.4786338806152,4.438179019384799,0.24771029558414373
Turkey,TUR,2012,18.6084309,13.871971130371,4.736459769628999,0.25453300147026364
Turkey,TUR,2013,19.3649178,14.614254951477,4.750662848523001,0.24532316106825927
Turkey,TUR,2014,20.2248459,14.7686004638671,5.456245436132898,0.26977933296059864
Turkey,TUR,2015,20.2620945,14.2964372634887,5.9656572365113,0.2944245095940748
Turkey,TUR,2016,21.2482185,15.3756475448608,5.872570955139199,0.2763794505943733
Turkey,TUR,2017,23.6838627,16.9008903503417,6.782972349658298,0.28639637189157907
Turkey,TUR,2018,24.1350937,17.5603675842285,6.574726115771497,0.2724135318261266
Turkey,TUR,2019,24.657732,17.5090541839599,7.148677816040099,0.28991627518865476
Turkey,TUR,2020,24.7675743,17.8017177581787,6.965856541821299,0.2812490418902791
Turkey,TUR,2021,27.1650734,19.1760635375976,7.989009862402401,0.29409123048430275
Turkey,TUR,2022,28.9385757,19.9410076141357,8.997568085864302,0.3109195206820183
Turkey,TUR,2023,39.4308739,27.7452926635742,11.6855812364258,0.29635613113879783
Ukraine,UKR,1992,7.80122328,6.88825368881225,0.9129695911877507,0.11702902973285373
Ukraine,UKR,1993,7.84490681,6.80072116851806,1.0441856414819402,0.13310363867559316
Ukraine,UKR,1995,8.20823193,6.30742740631103,1.9008045236889703,0.23157295504063202
Ukraine,UKR,1996,6.86010599,5.53929042816162,1.32081556183838,0.19253573687691375
Ukraine,UKR,2002,7.41285038,6.38916635513305,1.0236840248669496,0.1380958703319936
Ukraine,UKR,2003,8.29940605,7.10847377777099,1.19093227222901,0.14349608454559348
Ukraine,UKR,2004,9.29127026,8.01609992980957,1.275170330190429,0.13724391762450242
Ukraine,UKR,2005,11.0247126,9.45484542846679,1.569867171533211,0.14239529214876867
Ukraine,UKR,2006,11.9345961,10.1559314727783,1.7786646272216995,0.14903433784589487
Ukraine,UKR,2007,11.3454132,9.94811344146728,1.3972997585327196,0.12315988266806534
Ukraine,UKR,2008,12.9902754,11.4150085449218,1.5752668550781994,0.12126508534824439
Ukraine,UKR,2009,12.0344076,10.6800518035888,1.3543557964112,0.11254029624284956
Ukraine,UKR,2010,12.8369083,11.4793901443481,1.3575181556518991,0.10575117652370386
Ukraine,UKR,2011,13.3373871,11.9227437973022,1.414643302697801,0.10606600019113195
Ukraine,UKR,2012,13.8920422,12.4398527145385,1.452189485461501,0.10453390974161458
Ukraine,UKR,2013,14.6739607,13.1452074050903,1.5287532949097002,0.10418136767326222
Ukraine,UKR,2014,14.1193647,12.6281461715698,1.4912185284302009,0.10561512930041397
Ukraine,UKR,2015,12.7266283,11.2265014648437,1.5001268351562995,0.11787307681142063
Ukraine,UKR,2016,12.8973503,11.5715169906616,1.3258333093383996,0.10279889112869948
Ukraine,UKR,2017,14.1380882,12.5389747619628,1.5991134380372003,0.11310676630502278
Ukraine,UKR,2018,14.7799759,13.0818214416503,1.6981544583497001,0.11489561754628437
Ukraine,UKR,2019,16.2289276,14.2782573699951,1.9506702300048993,0.12019711210030289
Ukraine,UKR,2020,15.5704889,13.7033014297485,1.8671874702515012,0.11991835852061788
United Kingdom,GBR,1968,24.212801,20.9244213104248,3.2883796895751978,0.13581161839042075
United Kingdom,GBR,1969,24.4974518,20.9819450378417,3.5155067621582994,0.14350499761604998
United Kingdom,GBR,1970,25.0750999,21.3303108215332,3.744789078466802,0.1493429375516387
United Kingdom,GBR,1971,24.9569626,20.9880027770996,3.968959822900402,0.15903216615392138
United Kingdom,GBR,1972,25.9180317,22.0826835632324,3.8353481367675997,0.14797991534085514
United Kingdom,GBR,1973,28.218523,23.6707782745361,4.5477447254639,0.1611616853746704
United Kingdom,GBR,1974,28.2243061,23.8723716735839,4.351934426416101,0.15419101575064412
United Kingdom,GBR,1975,27.1282406,23.4113044738769,3.7169361261231018,0.13701353438022448
United Kingdom,GBR,1976,26.2141228,22.5224246978759,3.6916981021241,0.14082859572642653
United Kingdom,GBR,1977,25.6341591,22.2264823913574,3.407676708642601,0.1329349909762634
United Kingdom,GBR,1978,27.9059601,24.3775482177734,3.528411882226603,0.12643936526758678
United Kingdom,GBR,1979,28.4308033,24.5415840148925,3.889219285107501,0.13679596893794066
United Kingdom,GBR,1980,29.1926155,24.8925457000732,4.300069799926799,0.14729991562170233
United Kingdom,GBR,1981,29.1332455,24.6778926849365,4.4553528150635024,0.15293019155945062
United Kingdom,GBR,1982,32.0224037,27.1026763916015,4.9197273083985,0.1536339168817143
United Kingdom,GBR,1983,30.6670856,25.970006942749,4.6970786572510015,0.1531635160418048
United Kingdom,GBR,1984,31.5614376,27.1712265014648,4.3902110985352,0.1391004793309922
United Kingdom,GBR,1985,32.8123703,27.4707984924316,5.341571807568396,0.162791403325361
United Kingdom,GBR,1986,35.1716881,29.3135662078857,5.858121892114298,0.1665578824496143
United Kingdom,GBR,1987,37.6163368,30.2015590667724,7.414777733227599,0.19711589070064894
United Kingdom,GBR,1988,40.1679306,31.936279296875,8.231651303124998,0.20493092823469972
United Kingdom,GBR,1989,40.4860802,32.9807739257812,7.505306274218803,0.18537991915104696
United Kingdom,GBR,1990,42.6371613,33.3024139404296,9.3347473595704,0.2189345414881173
United Kingdom,GBR,1991,43.0334511,34.4119644165039,8.621486683496101,0.20034383632076633
United Kingdom,GBR,1992,41.5701561,33.5388755798339,8.0312805201661,0.1931982285764402
United Kingdom,GBR,1993,41.3747063,33.3482704162597,8.026435883740298,0.1939937851290632
United Kingdom,GBR,1994,45.0731812,35.8561668395996,9.217014360400398,0.20448998972365406
United Kingdom,GBR,1995,45.1670685,36.079776763916,9.087291736083998,0.2011928610351145
United Kingdom,GBR,1996,46.9415817,37.7643508911132,9.177230808886797,0.1955032292592475
United Kingdom,GBR,1997,48.6309814,38.908405303955,9.722576096045003,0.19992555807325332
United Kingdom,GBR,1998,51.2642097,40.3397407531738,10.924468946826202,0.21310128471221126
United Kingdom,GBR,1999,52.5009232,41.1510887145996,11.3498344854004,0.21618352199567417
United Kingdom,GBR,2000,57.5452423,43.4835472106933,14.061695089306696,0.2443589517965536
United Kingdom,GBR,2001,58.253479,45.1725387573242,13.080940242675801,0.22455208628270598
United Kingdom,GBR,2002,56.5554085,45.6907501220703,10.8646583779297,0.19210644332857574
United Kingdom,GBR,2003,57.6060524,46.7243881225585,10.881664277441502,0.18889793388170964
United Kingdom,GBR,2004,59.6043167,48.0678405761718,11.536476123828201,0.19355101715020923
United Kingdom,GBR,2005,60.7829056,49.0020179748535,11.780887625146498,0.19381909286591423
United Kingdom,GBR,2006,61.8844681,49.3837966918945,12.500671408105497,0.2020001430392111
United Kingdom,GBR,2007,61.7592812,50.8627853393554,10.896495860644599,0.1764349527540259
United Kingdom,GBR,2008,62.8622055,50.6568565368652,12.205348963134803,0.19416036815849236
United Kingdom,GBR,2009,62.3354263,50.1237106323242,12.211715667675804,0.19590329917541294
United Kingdom,GBR,2010,60.721138,49.9750862121582,10.7460517878418,0.17697382067908213
United Kingdom,GBR,2011,59.3649979,49.3469085693359,10.018089330664097,0.16875414276169118
United Kingdom,GBR,2012,59.1671143,49.0806274414062,10.086486858593801,0.17047454448177812
United Kingdom,GBR,2013,59.5114861,49.599998474121,9.911487625878998,0.1665474730243545
United Kingdom,GBR,2014,61.2861633,51.0024375915527,10.2837257084473,0.1677984907964911
United Kingdom,GBR,2015,62.2073555,51.6529388427734,10.554416657226596,0.16966509140911154
United Kingdom,GBR,2016,62.5623817,52.6146202087402,9.947761491259804,0.1590054793463818
United Kingdom,GBR,2017,62.1904945,52.7555084228515,9.434986077148501,0.1517110637727523
United Kingdom,GBR,2018,63.4508743,52.6537055969238,10.797168703076203,0.17016579869374948
United Kingdom,GBR,2019,64.3163452,54.9210548400878,9.395290359912202,0.14607935713225512
United Kingdom,GBR,2020,63.4530716,53.371711730957,10.081359869042998,0.1588789890676151
United Kingdom,GBR,2021,64.3204651,54.5534553527832,9.767009747216804,0.15184917789434335
United States,USA,1963,40.3493271,33.2919425964355,7.057384503564499,0.17490711768436157
United States,USA,1964,42.7353249,34.5586280822753,8.176696817724704,0.1913334422250924
United States,USA,1965,44.8318062,36.6557693481445,8.1760368518555,0.18237134625763748
United States,USA,1966,45.2207108,37.0308189392089,8.1898918607911,0.18110931287685775
United States,USA,1967,47.151989,38.6824951171875,8.4694938828125,0.17962113714466002
United States,USA,1968,49.137661,40.3433990478515,8.794261952148503,0.178971928520336
United States,USA,1969,50.441185,41.7023277282714,8.738857271728598,0.17324845305931252
United States,USA,1970,50.7173538,41.5675163269043,9.149837473095701,0.18040841620360132
United States,USA,1971,51.9413452,42.1933364868164,9.748008713183602,0.18767339728397334
United States,USA,1972,55.4704323,45.8525009155273,9.617931384472698,0.17338843390396108
United States,USA,1973,56.5688248,47.0340042114257,9.534820588574298,0.16855256622856868
United States,USA,1974,54.478611,45.4960403442382,8.982570655761798,0.16488251977940108
United States,USA,1975,54.9359779,46.0106201171875,8.925357782812497,0.1624683517795812
United States,USA,1976,56.6542435,47.3709259033203,9.283317596679701,0.16385917493858518
United States,USA,1977,57.4018555,47.9233245849609,9.478530915039102,0.16512586278746863
United States,USA,1978,57.6492691,48.984764099121,8.664505000878997,0.15029687515811013
United States,USA,1979,58.654129,49.4233322143554,9.2307967856446,0.15737676005119094
United States,USA,1980,55.8619843,47.1732101440429,8.688774155957105,0.15554002001244888
United States,USA,1981,54.8603859,45.7829246520996,9.077461247900395,0.1654647720569606
United States,USA,1982,55.714901,46.0031700134277,9.711730986572299,0.17431119525048244
United States,USA,1983,57.5796738,47.4541320800781,10.125541719921905,0.17585271071684858
United States,USA,1984,59.8801765,49.374942779541,10.505233720458996,0.1754375877709545
United States,USA,1985,61.0621796,49.8246879577636,11.2374916422364,0.18403358209369255
United States,USA,1986,62.8311996,51.3409576416015,11.4902419583985,0.1828747824575754
United States,USA,1987,64.7542267,53.3087730407714,11.445453659228605,0.17675222518298722
United States,USA,1988,65.8149643,53.5547256469726,12.2602386530274,0.18628345063202292
United States,USA,1989,66.8825684,53.7864761352539,13.096092264746098,0.1958072570781552
United States,USA,1990,65.0779495,52.3220596313476,12.755889868652403,0.19600940052133023
United States,USA,1991,64.3845444,52.4437026977539,11.940841702246097,0.1854613061802779
United States,USA,1992,64.4016876,52.1221504211425,12.279537178857503,0.19067104662110596
United States,USA,1993,65.7326736,51.422924041748,14.309749558252001,0.21769614370671211
United States,USA,1994,66.8866196,52.3727226257324,14.513896974267603,0.21699253245364492
United States,USA,1995,67.9015427,52.8651084899902,15.036434210009794,0.22144466255270803
United States,USA,1996,68.9858322,53.3438644409179,15.641967759082107,0.22674174189468002
United States,USA,1997,70.9949188,54.6820487976074,16.312870002392593,0.22977517656365845
United States,USA,1998,72.9478607,57.0912933349609,15.856567365039105,0.21736850420123566
United States,USA,1999,74.6662979,58.1806335449218,16.485664355078207,0.22079123806509504
United States,USA,2000,75.524025,58.6064834594726,16.917541540527395,0.2240021177436901
United States,USA,2001,75.5043335,58.2927894592285,17.2115440407715,0.22795438676074797
United States,USA,2002,75.6899719,59.0293312072753,16.660640692724705,0.2201168830494004
United States,USA,2003,76.8388443,59.2752113342285,17.563632965771504,0.2285775264552164
United States,USA,2004,75.9895325,58.6522407531738,17.337291746826196,0.2281536834935285
United States,USA,2005,77.6197586,59.0902252197265,18.5295333802735,0.23872186302153095
United States,USA,2006,78.9625931,59.7681121826171,19.194480917382904,0.24308321401089983
United States,USA,2007,78.4412079,60.1203002929687,18.320907607031295,0.23356228311001437
United States,USA,2008,76.339386,58.5281715393066,17.811214460693407,0.2333161870164034
United States,USA,2009,77.372551,59.0957870483398,18.2767639516602,0.23621767300473523
United States,USA,2010,75.4596329,58.3575363159179,17.102096584082105,0.2266390111749683
United States,USA,2011,76.3889008,58.0320396423339,18.356861157666103,0.24030796313888186
United States,USA,2012,76.687233,58.3361854553222,18.351047544677805,0.2392972966527271
United States,USA,2013,76.2202454,57.9576416015625,18.262603798437496,0.23960305693843248
United States,USA,2014,76.7054977,56.5405921936035,20.164905506396494,0.26288735633086824
United States,USA,2015,79.6290054,59.4624595642089,20.166545835791098,0.2532562818597141
United States,USA,2016,83.3226395,62.983299255371,20.339340244628993,0.24410340774945077
United States,USA,2017,84.3806076,63.9190940856933,20.461513514306702,0.24249071079581444
United States,USA,2018,88.2711334,66.0461883544921,22.224945045507894,0.2517804427048163
United States,USA,2019,94.1270065,70.5158233642578,23.611183135742195,0.2508438758831898
United States,USA,2020,96.5303726,74.1399307250976,22.390441874902407,0.23195229927976477
United States,USA,2021,96.9352493,73.6221618652343,23.31308743476569,0.24050165036059482
United States,USA,2022,89.9495697,67.7236099243164,22.22595977568359,0.24709356420282677
United States,USA,2023,92.9521255,69.7434158325195,23.20870966748049,0.24968455043537968
United States,USA,2024,95.5953217,72.0654067993164,23.529914900683593,0.2461408621493618
Uruguay,URY,2006,23.0301647,15.4720544815063,7.558110218493701,0.32818307280684367
Uruguay,URY,2007,25.1200066,16.7134246826171,8.406581917382901,0.3346568355353418
Uruguay,URY,2008,27.5808411,18.9140453338623,8.6667957661377,0.3142324679191056
Uruguay,URY,2009,29.5892181,20.2937564849853,9.295461615014702,0.31415029567863784
Uruguay,URY,2010,29.7067089,20.5870304107666,9.119678489233397,0.3069905360412845
Uruguay,URY,2011,31.9600658,23.3952884674072,8.564777332592797,0.26798372025231554
Uruguay,URY,2012,31.9350891,24.449649810791,7.485439289208998,0.23439544088226758
Uruguay,URY,2013,33.2278404,25.3224544525146,7.905385947485399,0.2379145274661124
Uruguay,URY,2014,35.0708733,26.8295707702636,8.241302529736402,0.234989943342426
Uruguay,URY,2015,35.5786133,27.3079681396484,8.270645160351602,0.2324611443007421
Uruguay,URY,2016,34.9188271,26.8246326446533,8.094194455346702,0.2318002959310939
Uruguay,URY,2017,36.260891,27.8599338531494,8.400957146850601,0.23168093544228135
Uruguay,URY,2018,35.6687813,27.1749401092529,8.493841190747098,0.2381309616190082
Uruguay,URY,2019,35.0643539,26.8040962219238,8.2602576780762,0.23557421595828124
Uruguay,URY,2020,32.42873,24.765676498413,7.663053501587001,0.23630445908880798
Uruguay,URY,2021,32.9214897,24.6223125457763,8.299177154223703,0.2520899640280768
Uruguay,URY,2022,33.8524361,25.5830078125,8.269428287499998,0.24427867652041735
Uruguay,URY,2023,34.2749939,25.881685256958,8.393308643041998,0.2448814044294257
Uruguay,URY,2024,35.210659,26.8407592773437,8.3698997226563,0.237709260785386
Uzbekistan,UZB,2021,11.5296783,9.7785415649414,1.7511367350586013,0.15188079749446273
Uzbekistan,UZB,2022,12.017807,10.6224470138549,1.395359986145099,0.116107704687311
Uzbekistan,UZB,2023,14.9740343,12.551661491394,2.4223728086059992,0.1617715546842309
Uzbekistan,UZB,2024,16.5782833,13.7753267288208,2.802956571179198,0.169073993999077
Uzbekistan,UZB,2025,19.4078026,16.539041519165,2.868761080835,0.1478148320013828
Vietnam,VNM,1992,3.55201554,2.70371127128601,0.8483042687139903,0.2388233551236069
Vietnam,VNM,1997,4.61341906,3.47759079933166,1.1358282606683399,0.24620097283517528
Vietnam,VNM,2002,4.46311522,3.28511881828308,1.1779964017169196,0.26394039670723973
Vietnam,VNM,2004,5.26405716,3.9899423122406,1.2741148477594,0.2420404659434587
Vietnam,VNM,2006,5.87774372,4.60619020462036,1.2715535153796393,0.2163336096218294
Vietnam,VNM,2008,6.34765577,4.94610500335693,1.4015507666430702,0.22079816824141837
Vietnam,VNM,2010,11.1931095,8.34760761260986,2.8455018873901405,0.254219069990349
Vietnam,VNM,2012,11.5108471,9.26278495788574,2.248062142114259,0.19529945299284351
Vietnam,VNM,2014,12.1852722,9.96549606323242,2.21977613676758,0.18216877722005914
Vietnam,VNM,2016,14.0715809,11.4456624984741,2.625918401525901,0.18661147032355838
Vietnam,VNM,2018,15.6543388,12.7021532058715,2.9521855941284993,0.18858577368521623
Vietnam,VNM,2020,17.5045586,13.8708963394165,3.633662260583499,0.20758376966920486
Vietnam,VNM,2022,16.5866394,13.3191947937011,3.2674446062988984,0.1969925629599748
Zambia,ZMB,1991,3.52723527,1.86263585090637,1.6645994190936297,0.47192752727652043
Zambia,ZMB,1993,3.16555309,1.92930662631988,1.23624646368012,0.390530952579955
Zambia,ZMB,1996,4.09219694,2.63506770133972,1.45712923866028,0.356075052111319
Zambia,ZMB,1998,4.05233097,2.57527256011962,1.4770584098803798,0.3644959952223201
Zambia,ZMB,2002,3.08974671,2.18324995040893,0.9064967595910698,0.2933886964446577
Zambia,ZMB,2004,3.2914114,1.81954097747802,1.4718704225219799,0.44718518703616933
Zambia,ZMB,2006,3.03080177,1.6569355726242,1.3738661973758,0.45330123895757124
Zambia,ZMB,2010,3.03052235,1.73855364322662,1.29196870677338,0.42631881819758893
Zambia,ZMB,2015,3.36525512,1.81831395626068,1.54694116373932,0.4596802050892712
Zambia,ZMB,2022,2.85814238,1.67918646335601,1.1789559166439898,0.4124902681174301
